Id,Position,First Name,Nickname,Last Name,FPPG,Played,Salary,Game,Team,Opponent,Injury Indicator,Injury Details,Tier,,,Roster Position
134251-129458,WR,Jaxon,Jaxon Smith-Njigba,Smith-Njigba,25.200000762939453,1,9000,SEA@ARI,SEA,ARI,,,,,,WR/FLEX
134251-55050,RB,Christian,Christian McCaffrey,McCaffrey,11.300000190734863,1,9000,MIA@SF,SF,MIA,,,,,,RB/FLEX
134251-136855,RB,Bijan,Bijan Robinson,Robinson,27.299999237060547,1,8900,CAR@ATL,ATL,CAR,,,,,,RB/FLEX
134251-63115,QB,Lamar,Lamar Jackson,Jackson,27.959999084472656,1,8800,NO@BAL,BAL,NO,,,,,,QB
134251-85701,WR,Ja'Marr,Ja'Marr Chase,Chase,2.200000047683716,1,8800,CIN@HOU,CIN,HOU,,,,,,WR/FLEX
134251-39280,RB,Derrick,Derrick Henry,Henry,37.79999923706055,1,8700,NO@BAL,BAL,NO,,,,,,RB/FLEX
134251-85671,WR,Justin,Justin Jefferson,Jefferson,27.200000762939453,1,8600,MIN@CHI,MIN,CHI,,,,,,WR/FLEX
134251-69531,QB,Jalen,Jalen Hurts,Hurts,24.719999313354492,1,8600,PHI@TEN,PHI,TEN,,,,,,QB
134251-86631,WR,CeeDee,CeeDee Lamb,Lamb,12.899999618530273,1,8500,WAS@DAL,DAL,WAS,,,,,,WR/FLEX
134251-152113,QB,Caleb,Caleb Williams,Williams,37.2599983215332,1,8400,MIN@CHI,CHI,MIN,,,,,,QB
134251-64401,RB,Saquon,Saquon Barkley,Barkley,8.5,1,8300,PHI@TEN,PHI,TEN,,,,,,RB/FLEX
134251-138820,RB,De'Von,De'Von Achane,Achane,8.600000381469727,1,8200,MIA@SF,MIA,SF,,,,,,RB/FLEX
134251-32384,WR,Mike,Mike Evans,Evans,13.899999618530273,1,8200,MIA@SF,SF,MIA,,,,,,WR/FLEX
134251-63336,QB,Joe,Joe Burrow,Burrow,15.15999984741211,1,8200,CIN@HOU,CIN,HOU,,,,,,QB
134251-85607,QB,Brock,Brock Purdy,Purdy,22.100000381469727,1,8100,MIA@SF,SF,MIA,,,,,,QB
134251-110246,WR,George,George Pickens,Pickens,4.300000190734863,1,8000,WAS@DAL,DAL,WAS,,,,,,WR/FLEX
134251-31716,QB,Dak,Dak Prescott,Prescott,15.399999618530273,1,8000,WAS@DAL,DAL,WAS,,,,,,QB
134251-152664,RB,Bucky,Bucky Irving,Irving,16.799999237060547,1,7900,CLE@TB,TB,CLE,,,,,,RB/FLEX
134251-102785,QB,Jayden,Jayden Daniels,Daniels,17.65999984741211,1,7900,WAS@DAL,WAS,DAL,,,,,,QB
134251-87770,WR,Chris,Chris Olave,Olave,26.200000762939453,1,7900,NO@BAL,NO,BAL,,,,,,WR/FLEX
134251-91419,WR,Nico,Nico Collins,Collins,17.700000762939453,1,7800,CIN@HOU,HOU,CIN,,,,,,WR/FLEX
134251-89951,QB,Trevor,Trevor Lawrence,Lawrence,26.100000381469727,1,7800,JAC@DEN,JAC,DEN,,,,,,QB
134251-112745,WR,Drake,Drake London,London,4.5,1,7700,CAR@ATL,ATL,CAR,,,,,,WR/FLEX
134251-167031,RB,Ashton,Ashton Jeanty,Jeanty,32.70000076293945,1,7700,LV@LAC,LV,LAC,,,,,,RB/FLEX
134251-69017,QB,Jordan,Jordan Love,Love,23.479999542236328,1,7700,GB@NYJ,GB,NYJ,,,,,,QB
134251-89493,RB,Chase,Chase Brown,Brown,16.299999237060547,1,7600,CIN@HOU,CIN,HOU,,,,,,RB/FLEX
134251-41535,QB,Baker,Baker Mayfield,Mayfield,11.640000343322754,1,7600,CLE@TB,TB,CLE,,,,,,QB
134251-112295,WR,Zay,Zay Flowers,Flowers,26.5,1,7600,NO@BAL,BAL,NO,Q,Hamstring,,,,WR/FLEX
134251-91750,TE,Trey,Trey McBride,McBride,20,1,7500,SEA@ARI,ARI,SEA,,,,,,TE/FLEX
134251-152316,QB,Drake,Drake Maye,Maye,12.819999694824219,1,7500,PIT@NE,NE,PIT,,,,,,QB
134251-93541,RB,Javonte,Javonte Williams,Williams,21.700000762939453,1,7400,WAS@DAL,DAL,WAS,,,,,,RB/FLEX
134251-90576,WR,DeVonta,DeVonta Smith,Smith,6.800000190734863,1,7400,PHI@TEN,PHI,TEN,,,,,,WR/FLEX
134251-69189,QB,Justin,Justin Herbert,Herbert,14.260000228881836,1,7400,LV@LAC,LAC,LV,,,,,,QB
134251-174215,RB,Omarion,Omarion Hampton,Hampton,8.300000190734863,1,7300,LV@LAC,LAC,LV,,,,,,RB/FLEX
134251-102965,QB,Bo,Bo Nix,Nix,6.440000057220459,1,7300,JAC@DEN,DEN,JAC,,,,,,QB
134251-103564,WR,Garrett,Garrett Wilson,Wilson,10.899999618530273,1,7200,GB@NYJ,NYJ,GB,,,,,,WR/FLEX
134251-103064,RB,Breece,Breece Hall,Hall,21.799999237060547,1,7200,GB@NYJ,NYJ,GB,,,,,,RB/FLEX
134251-119606,QB,Bryce,Bryce Young,Young,35.439998626708984,1,7200,CAR@ATL,CAR,ATL,,,,,,QB
134251-129471,QB,C.J.,C.J. Stroud,Stroud,16.459999084472656,1,7100,CIN@HOU,HOU,CIN,,,,,,QB
134251-91598,RB,D'Andre,D'Andre Swift,Swift,34.900001525878906,1,7100,MIN@CHI,CHI,MIN,,,,,,RB/FLEX
134251-6894,QB,Aaron,Aaron Rodgers,Rodgers,12.539999961853027,1,7100,PIT@NE,PIT,NE,,,,,,QB
134251-89981,WR,Tee,Tee Higgins,Higgins,7.400000095367432,1,7100,CIN@HOU,CIN,HOU,,,,,,WR/FLEX
134251-73048,WR,DK,DK Metcalf,Metcalf,6,1,7000,PIT@NE,PIT,NE,,,,,,WR/FLEX
134251-88431,QB,Tyler,Tyler Shough,Shough,28.200000762939453,1,7000,NO@BAL,NO,BAL,,,,,,QB
134251-73273,RB,David,David Montgomery,Montgomery,27.399999618530273,1,7000,CIN@HOU,HOU,CIN,,,,,,RB/FLEX
134251-70324,QB,Carson,Carson Wentz,Wentz,19.219999313354492,1,7000,MIN@CHI,MIN,CHI,,,,,,QB
134251-63484,QB,Kyler,Kyler Murray,Murray,0.6200000047683716,1,7000,MIN@CHI,MIN,CHI,Q,Concussion,,,,QB
134251-90572,QB,Tua,Tua Tagovailoa,Tagovailoa,12.764285496303014,14,6900,CAR@ATL,ATL,CAR,Q,Oblique,,,,QB
134251-30231,QB,Jacoby,Jacoby Brissett,Brissett,16.479999542236328,1,6900,SEA@ARI,ARI,SEA,,,,,,QB
134251-44715,QB,Cooper,Cooper Rush,Rush,7.71999979019165,1,6900,CAR@ATL,ATL,CAR,,,,,,QB
134251-88797,QB,Michael,Michael Penix Jr.,Penix Jr.,14.03111097547743,9,6900,CAR@ATL,ATL,CAR,Q,Knee - acl,,,,QB
134251-169776,WR,Christian,Christian Watson,Watson,32.70000076293945,1,6900,GB@NYJ,GB,NYJ,,,,,,WR/FLEX
134251-89956,RB,Travis,Travis Etienne Jr.,Etienne Jr.,11.300000190734863,1,6900,NO@BAL,NO,BAL,,,,,,RB/FLEX
134251-63589,QB,Sam,Sam Darnold,Darnold,0.5199999809265137,1,6800,SEA@ARI,SEA,ARI,D,Lower body,,,,QB
134251-22038,QB,Kirk,Kirk Cousins,Cousins,15.800000190734863,1,6800,LV@LAC,LV,LAC,,,,,,QB
134251-64051,QB,Drew,Drew Lock,Lock,12.779999732971191,1,6800,SEA@ARI,SEA,ARI,,,,,,QB
134251-167620,WR,Tetairoa,Tetairoa McMillan,McMillan,8,1,6800,CAR@ATL,CAR,ATL,,,,,,WR/FLEX
134251-151794,TE,Brock,Brock Bowers,Bowers,12.516666412353516,12,6700,LV@LAC,LV,LAC,Q,Knee - meniscus,,,,TE/FLEX
134251-90573,WR,Jaylen,Jaylen Waddle,Waddle,0.699999988079071,1,6700,JAC@DEN,DEN,JAC,,,,,,WR/FLEX
134251-26483,QB,Geno,Geno Smith,Smith,9.300000190734863,1,6700,GB@NYJ,NYJ,GB,,,,,,QB
134251-111540,RB,Rhamondre,Rhamondre Stevenson,Stevenson,12,1,6700,PIT@NE,NE,PIT,,,,,,RB/FLEX
134251-137516,WR,Parker,Parker Washington,Washington,16.799999237060547,1,6600,JAC@DEN,JAC,DEN,,,,,,WR/FLEX
134251-54879,QB,Deshaun,Deshaun Watson,Watson,15,1,6600,CLE@TB,CLE,TB,,,,,,QB
134251-87691,QB,Malik,Malik Willis,Willis,17.700000762939453,1,6600,MIA@SF,MIA,SF,,,,,,QB
134251-152655,WR,Emeka,Emeka Egbuka,Egbuka,8.800000190734863,1,6500,CLE@TB,TB,CLE,,,,,,WR/FLEX
134251-168356,QB,Cam,Cam Ward,Ward,11.699999809265137,1,6500,PHI@TEN,TEN,PHI,,,,,,QB
134251-169381,RB,Jadarian,Jadarian Price,Price,6.800000190734863,1,6500,SEA@ARI,SEA,ARI,,,,,,RB/FLEX
134251-133472,WR,Ladd,Ladd McConkey,McConkey,16.700000762939453,1,6400,LV@LAC,LAC,LV,Q,Ribs,,,,WR/FLEX
134251-60947,QB,Jarrett,Jarrett Stidham,Stidham,4.260000228881836,2,6400,JAC@DEN,DEN,JAC,,,,,,QB
134251-160620,RB,Bhayshul,Bhayshul Tuten,Tuten,9.300000190734863,1,6400,JAC@DEN,JAC,DEN,,,,,,RB/FLEX
134251-243753,QB,Jack,Jack Strand,Strand,,0,6300,CAR@ATL,ATL,CAR,,,,,,QB
134251-120033,WR,Rome,Rome Odunze,Odunze,6.199999809265137,1,6300,MIN@CHI,CHI,MIN,,,,,,WR/FLEX
134251-87467,RB,Chuba,Chuba Hubbard,Hubbard,22.200000762939453,1,6300,CAR@ATL,CAR,ATL,,,,,,RB/FLEX
134251-184183,QB,Shedeur,Shedeur Sanders,Sanders,12.237500190734863,8,6300,CLE@TB,CLE,TB,,,,,,QB
134251-175137,QB,Fernando,Fernando Mendoza,Mendoza,,0,6200,LV@LAC,LV,LAC,,,,,,QB
134251-56018,WR,Deebo,Deebo Samuel Sr.,Samuel Sr.,15,1,6200,MIA@SF,SF,MIA,,,,,,WR/FLEX
134251-87787,RB,J.K.,J.K. Dobbins,Dobbins,3.5999999046325684,1,6200,JAC@DEN,DEN,JAC,,,,,,RB/FLEX
134251-152575,QB,J.J.,J.J. McCarthy,McCarthy,13.73800048828125,10,6200,MIN@CHI,MIN,CHI,,,,,,QB
134251-57403,WR,Courtland,Courtland Sutton,Sutton,2.0999999046325684,1,6100,JAC@DEN,DEN,JAC,,,,,,WR/FLEX
134251-112057,RB,Jaylen,Jaylen Warren,Warren,7.800000190734863,1,6100,PIT@NE,PIT,NE,,,,,,RB/FLEX
134251-25079,WR,Stefon,Stefon Diggs,Diggs,13.5,1,6100,WAS@DAL,WAS,DAL,,,,,,WR/FLEX
134251-119697,RB,MarShawn,MarShawn Lloyd,Lloyd,3.700000047683716,1,6100,GB@NYJ,GB,NYJ,,,,,,RB/FLEX
134251-14377,QB,Tyrod,Tyrod Taylor,Taylor,10.743333180745443,6,6000,GB@NYJ,GB,NYJ,,,,,,QB
134251-152646,QB,Kyle,Kyle McCord,McCord,,0,6000,MIA@SF,MIA,SF,,,,,,QB
134251-152673,QB,Athan,Athan Kaliakmanis,Kaliakmanis,,0,6000,WAS@DAL,WAS,DAL,,,,,,QB
134251-104576,QB,Sam,Sam Howell,Howell,,0,6000,WAS@DAL,DAL,WAS,,,,,,QB
134251-103591,QB,Graham,Graham Mertz,Mertz,,0,6000,CIN@HOU,HOU,CIN,IR,Knee - acl,,,,QB
134251-160938,QB,Quinn,Quinn Ewers,Ewers,8.920000076293945,4,6000,JAC@DEN,JAC,DEN,,,,,,QB
134251-86200,QB,Sean,Sean Clifford,Clifford,,0,6000,CIN@HOU,CIN,HOU,,,,,,QB
134251-149696,QB,Trey,Trey Lance,Lance,3.634999990463257,4,6000,LV@LAC,LAC,LV,,,,,,QB
134251-93382,QB,Aidan,Aidan O'Connell,O'Connell,4.78000020980835,1,6000,LV@LAC,LV,LAC,,,,,,QB
134251-166092,WR,Luther,Luther Burden III,Burden III,7,1,6000,MIN@CHI,CHI,MIN,,,,,,WR/FLEX
134251-152820,QB,Taylen,Taylen Green,Green,,0,6000,CLE@TB,CLE,TB,,,,,,QB
134251-91390,QB,Joe,Joe Milton III,Milton III,3.0799999237060547,4,6000,WAS@DAL,DAL,WAS,,,,,,QB
134251-103698,QB,Dillon,Dillon Gabriel,Gabriel,7.208000183105469,10,6000,CLE@TB,CLE,TB,IR,Back,,,,QB
134251-90406,QB,Zach,Zach Wilson,Wilson,0.3449999988079071,4,6000,NO@BAL,NO,BAL,,,,,,QB
134251-120105,QB,Will,Will Howard,Howard,,0,6000,PIT@NE,PIT,NE,,,,,,QB
134251-61798,QB,Gardner,Gardner Minshew II,Minshew II,0.17000000178813934,4,6000,SEA@ARI,ARI,SEA,,,,,,QB
134251-92560,QB,Sam,Sam Ehlinger,Ehlinger,,0,6000,JAC@DEN,DEN,JAC,NA,Coach's decision,,,,QB
134251-103824,QB,Easton,Easton Stick,Stick,,0,6000,CLE@TB,TB,CLE,,,,,,QB
134251-70051,QB,Tyler,Tyler Huntley,Huntley,8.027999877929688,5,6000,NO@BAL,BAL,NO,,,,,,QB
134251-151969,QB,Miller,Miller Moss,Moss,,0,6000,MIN@CHI,CHI,MIN,,,,,,QB
134251-166314,QB,Cade,Cade Klubnik,Klubnik,,0,6000,GB@NYJ,NYJ,GB,,,,,,QB
134251-185776,QB,Tyson,Tyson Bagent,Bagent,1.2899999618530273,2,6000,MIN@CHI,CHI,MIN,Q,Back,,,,QB
134251-117178,RB,Jacory,Jacory Croskey-Merritt,Croskey-Merritt,12.100000381469727,1,6000,WAS@DAL,WAS,DAL,,,,,,RB/FLEX
134251-169410,RB,Quinshon,Quinshon Judkins,Judkins,6,1,6000,CLE@TB,CLE,TB,,,,,,RB/FLEX
134251-22994,QB,Case,Case Keenum,Keenum,,0,6000,MIN@CHI,CHI,MIN,,,,,,QB
134251-90584,QB,Mac,Mac Jones,Jones,12.158332824707031,12,6000,MIA@SF,SF,MIA,,,,,,QB
134251-53729,QB,Mason,Mason Rudolph,Rudolph,2.8466666539510093,6,6000,PIT@NE,PIT,NE,,,,,,QB
134251-152061,QB,Behren,Behren Morton,Morton,,0,6000,PIT@NE,NE,PIT,,,,,,QB
134251-89607,QB,Tanner,Tanner McKee,McKee,3.690000057220459,4,6000,PHI@TEN,PHI,TEN,,,,,,QB
134251-160265,QB,Mark,Mark Gronowski,Gronowski,,0,6000,CIN@HOU,HOU,CIN,,,,,,QB
134251-89612,WR,Michael,Michael Wilson,Wilson,8.100000381469727,1,6000,SEA@ARI,ARI,SEA,,,,,,WR/FLEX
134251-102933,QB,Kedon,Kedon Slovis,Slovis,-0.03999999910593033,2,6000,GB@NYJ,GB,NYJ,,,,,,QB
134251-89628,QB,Davis,Davis Mills,Mills,11.59999974568685,6,6000,CIN@HOU,HOU,CIN,,,,,,QB
134251-94748,QB,Tommy,Tommy DeVito,DeVito,,0,6000,PIT@NE,NE,PIT,,,,,,QB
134251-87594,QB,Sam,Sam Hartman,Hartman,,0,6000,WAS@DAL,WAS,DAL,,,,,,QB
134251-160303,TE,Tucker,Tucker Kraft,Kraft,8,1,6000,GB@NYJ,GB,NYJ,,,,,,TE/FLEX
134251-6714,QB,Joe,Joe Flacco,Flacco,12.512307974008413,13,6000,CIN@HOU,CIN,HOU,,,,,,QB
134251-41562,QB,Nick,Nick Mullens,Mullens,-0.30000001192092896,1,6000,JAC@DEN,JAC,DEN,,,,,,QB
134251-208491,QB,Cole,Cole Payton,Payton,,0,6000,PHI@TEN,PHI,TEN,,,,,,QB
134251-135811,QB,Jalon,Jalon Daniels,Daniels,,0,6000,CLE@TB,TB,CLE,,,,,,QB
134251-187015,QB,Joey,Joey Aguilar,Aguilar,,0,6000,JAC@DEN,JAC,DEN,,,,,,QB
134251-184983,QB,Joe,Joe Fagnano,Fagnano,,0,6000,NO@BAL,BAL,NO,,,,,,QB
134251-29358,QB,Marcus,Marcus Mariota,Mariota,13.25,10,6000,WAS@DAL,WAS,DAL,,,,,,QB
134251-69294,QB,Skylar,Skylar Thompson,Thompson,,0,6000,NO@BAL,BAL,NO,IR,Undisclosed,,,,QB
134251-139985,QB,Bailey,Bailey Zappe,Zappe,,0,6000,GB@NYJ,NYJ,GB,,,,,,QB
134251-38628,QB,Mitchell,Mitchell Trubisky,Trubisky,7.78000020980835,4,6000,PHI@TEN,TEN,PHI,,,,,,QB
134251-8023,QB,Josh,Josh Johnson,Johnson,8.793333053588867,3,6000,CIN@HOU,CIN,HOU,,,,,,QB
134251-119641,QB,Brady,Brady Cook,Cook,7.091999816894531,5,6000,MIA@SF,MIA,SF,,,,,,QB
134251-154462,QB,Jalen,Jalen Milroe,Milroe,-0.5333333412806193,3,6000,SEA@ARI,SEA,ARI,,,,,,QB
134251-104306,QB,Kurtis,Kurtis Rourke,Rourke,,0,6000,MIA@SF,SF,MIA,,,,,,QB
134251-92020,QB,Kenny,Kenny Pickett,Pickett,2.4000000953674316,1,6000,CAR@ATL,CAR,ATL,,,,,,QB
134251-119670,QB,Carson,Carson Beck,Beck,,0,6000,SEA@ARI,ARI,SEA,,,,,,QB
134251-14225,QB,Andy,Andy Dalton,Dalton,2.630000114440918,4,6000,PHI@TEN,PHI,TEN,,,,,,QB
134251-128944,QB,Haynes,Haynes King,King,,0,6000,CAR@ATL,CAR,ATL,,,,,,QB
134251-56250,WR,Terry,Terry McLaurin,McLaurin,2.4000000953674316,1,6000,WAS@DAL,WAS,DAL,,,,,,WR/FLEX
134251-111557,QB,Spencer,Spencer Rattler,Rattler,11.515555487738716,9,6000,NO@BAL,NO,BAL,,,,,,QB
134251-200653,QB,Max,Max Brosmer,Brosmer,1.1742857524326868,7,6000,MIN@CHI,MIN,CHI,,,,,,QB
134251-85983,QB,Hendon,Hendon Hooker,Hooker,,0,6000,PHI@TEN,TEN,PHI,,,,,,QB
134251-166892,QB,Drew,Drew Allar,Allar,,0,6000,PIT@NE,PIT,NE,,,,,,QB
134251-129010,QB,DJ,DJ Uiagalelei,Uiagalelei,,0,6000,LV@LAC,LAC,LV,,,,,,QB
134251-166916,WR,Matthew,Matthew Golden,Golden,12.5,1,5900,GB@NYJ,GB,NYJ,,,,,,WR/FLEX
134251-40442,RB,Aaron,Aaron Jones Sr.,Jones Sr.,10,1,5900,MIN@CHI,MIN,CHI,,,,,,RB/FLEX
134251-69213,WR,Michael,Michael Pittman Jr.,Pittman Jr.,7.300000190734863,1,5900,PIT@NE,PIT,NE,,,,,,WR/FLEX
134251-144102,RB,Kyle,Kyle Monangai,Monangai,22.399999618530273,1,5900,MIN@CHI,CHI,MIN,,,,,,RB/FLEX
134251-201547,WR,Jalen,Jalen Coker,Coker,32.79999923706055,1,5900,CAR@ATL,CAR,ATL,Q,Ankle,,,,WR/FLEX
134251-39793,TE,George,George Kittle,Kittle,2.200000047683716,1,5900,MIA@SF,SF,MIA,,,,,,TE/FLEX
134251-152647,RB,TreVeyon,TreVeyon Henderson,Henderson,9.909524100167411,21,5800,PIT@NE,NE,PIT,Q,Ankle,,,,RB/FLEX
134251-94370,WR,Romeo,Romeo Doubs,Doubs,0,1,5800,PIT@NE,NE,PIT,,,,,,WR/FLEX
134251-129210,WR,Jordan,Jordan Addison,Addison,0,1,5800,MIN@CHI,MIN,CHI,,,,,,WR/FLEX
134251-55635,WR,Chris,Chris Godwin Jr.,Godwin Jr.,6.300000190734863,1,5800,CLE@TB,TB,CLE,,,,,,WR/FLEX
134251-166588,TE,Colston,Colston Loveland,Loveland,0,1,5800,MIN@CHI,CHI,MIN,,,,,,TE/FLEX
134251-120639,WR,Quentin,Quentin Johnston,Johnston,2.700000047683716,1,5800,LV@LAC,LAC,LV,,,,,,WR/FLEX
134251-110484,RB,RJ,RJ Harvey,Harvey,6.099999904632568,1,5800,JAC@DEN,DEN,JAC,,,,,,RB/FLEX
134251-152651,WR,Marvin,Marvin Harrison Jr.,Harrison Jr.,3.799999952316284,1,5700,SEA@ARI,ARI,SEA,,,,,,WR/FLEX
134251-83074,TE,Dallas,Dallas Goedert,Goedert,21.700000762939453,1,5700,PHI@TEN,PHI,TEN,,,,,,TE/FLEX
134251-151745,WR,Brian,Brian Thomas Jr.,Thomas Jr.,5.5,1,5700,JAC@DEN,JAC,DEN,Q,Shoulder,,,,WR/FLEX
134251-63759,RB,Tony,Tony Pollard,Pollard,3.9000000953674316,1,5700,PHI@TEN,TEN,PHI,,,,,,RB/FLEX
134251-90428,RB,Tyler,Tyler Allgeier,Allgeier,8,1,5700,SEA@ARI,ARI,SEA,,,,,,RB/FLEX
134251-25267,WR,Mack,Mack Hollins,Hollins,7.099999904632568,1,5700,PIT@NE,NE,PIT,,,,,,WR/FLEX
134251-188171,RB,Jeremiyah,Jeremiyah Love,Love,12,1,5700,SEA@ARI,ARI,SEA,,,,,,RB/FLEX
134251-61593,WR,Jauan,Jauan Jennings,Jennings,0,1,5600,MIN@CHI,MIN,CHI,,,,,,WR/FLEX
134251-64808,TE,Juwan,Juwan Johnson,Johnson,12.899999618530273,1,5600,NO@BAL,NO,BAL,,,,,,TE/FLEX
134251-89455,WR,Jayden,Jayden Reed,Reed,3.5,1,5600,GB@NYJ,GB,NYJ,,,,,,WR/FLEX
134251-110974,WR,Malik,Malik Washington,Washington,4.800000190734863,1,5600,MIA@SF,MIA,SF,,,,,,WR/FLEX
134251-138774,RB,Woody,Woody Marks,Marks,4.5,1,5600,CIN@HOU,HOU,CIN,,,,,,RB/FLEX
134251-72297,RB,Rico,Rico Dowdle,Dowdle,3.0999999046325684,1,5600,PIT@NE,PIT,NE,,,,,,RB/FLEX
134251-110457,WR,Dontayvion,Dontayvion Wicks,Wicks,14.300000190734863,1,5600,PHI@TEN,PHI,TEN,,,,,,WR/FLEX
134251-103511,WR,Devaughn,Devaughn Vele,Vele,16.399999618530273,1,5500,NO@BAL,NO,BAL,,,,,,WR/FLEX
134251-63634,WR,Jakobi,Jakobi Meyers,Meyers,11.199999809265137,1,5500,JAC@DEN,JAC,DEN,,,,,,WR/FLEX
134251-170287,WR,Rashid,Rashid Shaheed,Shaheed,0.8999999761581421,1,5500,SEA@ARI,SEA,ARI,,,,,,WR/FLEX
134251-183756,WR,Carnell,Carnell Tate,Tate,5.800000190734863,1,5500,PHI@TEN,TEN,PHI,,,,,,WR/FLEX
134251-114231,RB,George,George Holani,Holani,2.9000000953674316,1,5500,SEA@ARI,SEA,ARI,,,,,,RB/FLEX
134251-172699,TE,Harold,Harold Fannin Jr.,Fannin Jr.,3.0999999046325684,1,5500,CLE@TB,CLE,TB,,,,,,TE/FLEX
134251-86875,RB,Jordan,Jordan Mason,Mason,11.899999618530273,1,5500,MIN@CHI,MIN,CHI,Q,Thumb,,,,RB/FLEX
134251-87127,RB,Chris,Chris Rodriguez Jr.,Rodriguez Jr.,2.299999952316284,1,5400,JAC@DEN,JAC,DEN,,,,,,RB/FLEX
134251-79970,WR,Cooper,Cooper Kupp,Kupp,4.5,1,5400,SEA@ARI,SEA,ARI,,,,,,WR/FLEX
134251-151789,WR,Adonai,Adonai Mitchell,Mitchell,7.5,1,5400,GB@NYJ,NYJ,GB,,,,,,WR/FLEX
134251-38264,WR,Demarcus,Demarcus Robinson,Robinson,12,1,5400,MIA@SF,SF,MIA,,,,,,WR/FLEX
134251-166323,WR,Antonio,Antonio Williams,Williams,14.399999618530273,1,5400,WAS@DAL,WAS,DAL,,,,,,WR/FLEX
134251-89680,TE,Jake,Jake Ferguson,Ferguson,1.600000023841858,1,5400,WAS@DAL,DAL,WAS,,,,,,TE/FLEX
134251-137902,RB,Rachaad,Rachaad White,White,3.700000047683716,1,5400,WAS@DAL,WAS,DAL,,,,,,RB/FLEX
134251-119788,WR,Xavier,Xavier Hutchinson,Hutchinson,4.699999809265137,1,5400,CIN@HOU,HOU,CIN,,,,,,WR/FLEX
134251-183380,WR,Makai,Makai Lemon,Lemon,1,1,5300,PHI@TEN,PHI,TEN,,,,,,WR/FLEX
134251-103539,WR,Wan'Dale,Wan'Dale Robinson,Robinson,6.300000190734863,1,5300,PHI@TEN,TEN,PHI,,,,,,WR/FLEX
134251-103619,WR,Tre,Tre Tucker,Tucker,3.700000047683716,1,5300,LV@LAC,LV,LAC,,,,,,WR/FLEX
134251-158968,RB,Jonathon,Jonathon Brooks,Brooks,6.699999809265137,1,5300,CAR@ATL,CAR,ATL,,,,,,RB/FLEX
134251-183649,WR,KC,KC Concepcion,Concepcion,5.800000190734863,1,5300,CLE@TB,CLE,TB,,,,,,WR/FLEX
134251-90561,WR,Jerry,Jerry Jeudy,Jeudy,3.5999999046325684,1,5300,CLE@TB,CLE,TB,,,,,,WR/FLEX
134251-138998,TE,Michael,Michael Mayer,Mayer,6.199999809265137,1,5300,LV@LAC,LV,LAC,,,,,,TE/FLEX
134251-70422,WR,Kalif,Kalif Raymond,Raymond,12.399999618530273,1,5300,MIN@CHI,CHI,MIN,,,,,,WR/FLEX
134251-56265,TE,Mike,Mike Gesicki,Gesicki,16.299999237060547,1,5300,CIN@HOU,CIN,HOU,,,,,,TE/FLEX
134251-167881,RB,Kaelon,Kaelon Black,Black,7.5,1,5300,MIA@SF,SF,MIA,,,,,,RB/FLEX
134251-64555,WR,Calvin,Calvin Ridley,Ridley,5.971428462437221,7,5200,PHI@TEN,TEN,PHI,,,,,,WR/FLEX
134251-86080,TE,Kyle,Kyle Pitts Sr.,Pitts Sr.,0,1,5200,CAR@ATL,ATL,CAR,,,,,,TE/FLEX
134251-52436,TE,Mark,Mark Andrews,Andrews,6.900000095367432,1,5200,NO@BAL,BAL,NO,,,,,,TE/FLEX
134251-90562,RB,Brian,Brian Robinson Jr.,Robinson Jr.,3.0999999046325684,1,5200,CAR@ATL,ATL,CAR,,,,,,RB/FLEX
134251-152007,WR,Jaylin,Jaylin Noel,Noel,6.300000190734863,1,5200,CIN@HOU,HOU,CIN,,,,,,WR/FLEX
134251-201233,WR,Ryan,Ryan Flournoy,Flournoy,3.200000047683716,1,5200,WAS@DAL,DAL,WAS,,,,,,WR/FLEX
134251-158412,RB,Braelon,Braelon Allen,Allen,4,1,5200,GB@NYJ,NYJ,GB,,,,,,RB/FLEX
134251-55042,TE,Dalton,Dalton Schultz,Schultz,5.5,1,5200,CIN@HOU,HOU,CIN,,,,,,TE/FLEX
134251-90912,RB,Kenny,Kenny Gainwell,Gainwell,2.299999952316284,1,5200,CLE@TB,TB,CLE,,,,,,RB/FLEX
134251-120657,RB,Kendre,Kendre Miller,Miller,9,1,5200,NO@BAL,NO,BAL,,,,,,RB/FLEX
134251-119653,WR,Kayshon,Kayshon Boutte,Boutte,2.5999999046325684,1,5200,CIN@HOU,HOU,CIN,,,,,,WR/FLEX
134251-71706,TE,T.J.,T.J. Hockenson,Hockenson,11.600000381469727,1,5100,MIN@CHI,MIN,CHI,,,,,,TE/FLEX
134251-42104,RB,Alvin,Alvin Kamara,Kamara,7.654545177112926,11,5100,NO@BAL,NO,BAL,Q,Knee - mcl,,,,RB/FLEX
134251-103587,TE,Brenton,Brenton Strange,Strange,9.300000190734863,1,5100,JAC@DEN,JAC,DEN,,,,,,TE/FLEX
134251-86229,WR,Jahan,Jahan Dotson,Dotson,2.4000000953674316,1,5100,CAR@ATL,ATL,CAR,,,,,,WR/FLEX
134251-86244,TE,Pat,Pat Freiermuth,Freiermuth,13.100000381469727,1,5100,PIT@NE,PIT,NE,,,,,,TE/FLEX
134251-111876,WR,DeMario,DeMario Douglas,Douglas,4.5,1,5100,PIT@NE,NE,PIT,,,,,,WR/FLEX
134251-91488,RB,Chris,Chris Brooks,Brooks,2.9000000953674316,1,5100,GB@NYJ,GB,NYJ,,,,,,RB/FLEX
134251-94579,RB,Emari,Emari Demercado,Demercado,0.699999988079071,1,5100,WAS@DAL,DAL,WAS,,,,,,RB/FLEX
134251-172647,WR,Caleb,Caleb Douglas,Douglas,11.899999618530273,1,5100,MIA@SF,MIA,SF,,,,,,WR/FLEX
134251-64496,WR,Olamide,Olamide Zaccheaus,Zaccheaus,1,1,5100,CAR@ATL,ATL,CAR,,,,,,WR/FLEX
134251-55335,TE,David,David Njoku,Njoku,8.300000190734863,1,5000,LV@LAC,LAC,LV,,,,,,TE/FLEX
134251-52451,RB,Samaje,Samaje Perine,Perine,6.5,1,5000,CIN@HOU,CIN,HOU,,,,,,RB/FLEX
134251-120042,WR,Jalen,Jalen McMillan,McMillan,6.724999904632568,4,5000,CLE@TB,TB,CLE,Q,Knee,,,,WR/FLEX
134251-12549,D,San Francisco,San Francisco 49ers,49ers,8,1,5000,MIA@SF,SF,MIA,,,,,,DEF
134251-174486,RB,Dylan,Dylan Sampson,Sampson,0,1,5000,CLE@TB,CLE,TB,O,Knee,,,,RB/FLEX
134251-80289,WR,Kendrick,Kendrick Bourne,Bourne,11.5,1,5000,SEA@ARI,ARI,SEA,,,,,,WR/FLEX
134251-172715,WR,Omar,Omar Cooper Jr.,Cooper Jr.,3.5,1,5000,GB@NYJ,NYJ,GB,Q,Ankle,,,,WR/FLEX
134251-92859,WR,Jalen,Jalen Nailor,Nailor,4.199999809265137,1,5000,LV@LAC,LV,LAC,,,,,,WR/FLEX
134251-167622,RB,Jonah,Jonah Coleman,Coleman,0,1,5000,JAC@DEN,DEN,JAC,,,,,,RB/FLEX
134251-85845,WR,Rashod,Rashod Bateman,Bateman,0,1,5000,NO@BAL,BAL,NO,,,,,,WR/FLEX
134251-40845,TE,Hunter,Hunter Henry,Henry,4.099999904632568,1,5000,PIT@NE,NE,PIT,,,,,,TE/FLEX
134251-41872,TE,Evan,Evan Engram,Engram,12.300000190734863,1,5000,JAC@DEN,DEN,JAC,,,,,,TE/FLEX
134251-155551,WR,Pat,Pat Bryant,Bryant,6.199999809265137,1,5000,JAC@DEN,DEN,JAC,,,,,,WR/FLEX
134251-151741,WR,Jack,Jack Bech,Bech,9.800000190734863,1,4900,LV@LAC,LV,LAC,,,,,,WR/FLEX
134251-88297,TE,Chig,Chig Okonkwo,Okonkwo,2.5999999046325684,1,4900,WAS@DAL,WAS,DAL,Q,Hamstring,,,,TE/FLEX
134251-12545,D,Philadelphia,Philadelphia Eagles,Eagles,3,1,4900,PHI@TEN,PHI,TEN,,,,,,DEF
134251-154008,RB,Mike,Mike Washington Jr.,Washington Jr.,4.099999904632568,1,4900,LV@LAC,LV,LAC,,,,,,RB/FLEX
134251-206341,WR,Ted,Ted Hurst III,Hurst III,5.099999904632568,1,4900,CLE@TB,TB,CLE,,,,,,WR/FLEX
134251-129546,WR,Tre',Tre' Harris,Harris,3.5,1,4900,LV@LAC,LAC,LV,,,,,,WR/FLEX
134251-184873,TE,Kenyon,Kenyon Sadiq,Sadiq,9.899999618530273,1,4900,GB@NYJ,NYJ,GB,,,,,,TE/FLEX
134251-137953,TE,AJ,AJ Barner,Barner,2.299999952316284,1,4900,SEA@ARI,SEA,ARI,,,,,,TE/FLEX
134251-158438,TE,Oronde,Oronde Gadsden II,Gadsden II,4.199999809265137,1,4900,LV@LAC,LAC,LV,,,,,,TE/FLEX
134251-107293,RB,Tyjae,Tyjae Spears,Spears,3.4000000953674316,1,4900,PHI@TEN,TEN,PHI,,,,,,RB/FLEX
134251-134023,RB,Keaton,Keaton Mitchell,Mitchell,0.8999999761581421,1,4900,LV@LAC,LAC,LV,,,,,,RB/FLEX
134251-185593,WR,Andrei,Andrei Iosivas,Iosivas,2.200000047683716,1,4800,CIN@HOU,CIN,HOU,,,,,,WR/FLEX
134251-151806,RB,Raheim,Raheim Sanders,Sanders,4.099999904632568,1,4800,CLE@TB,CLE,TB,,,,,,RB/FLEX
134251-12551,D,Tampa Bay,Tampa Bay Buccaneers,Buccaneers,9,1,4800,CLE@TB,TB,CLE,,,,,,DEF
134251-151903,WR,Troy,Troy Franklin,Franklin,0.5,1,4800,JAC@DEN,DEN,JAC,,,,,,WR/FLEX
134251-25011,TE,Darren,Darren Waller,Waller,3.799999952316284,1,4800,CAR@ATL,CAR,ATL,,,,,,TE/FLEX
134251-60957,WR,KaVontae,KaVontae Turpin,Turpin,1.2999999523162842,1,4800,WAS@DAL,DAL,WAS,,,,,,WR/FLEX
134251-152103,RB,Jaylen,Jaylen Wright,Wright,-0.10000000149011612,1,4800,MIA@SF,MIA,SF,,,,,,RB/FLEX
134251-128624,WR,Tez,Tez Johnson,Johnson,-0.4000000059604645,1,4800,CLE@TB,TB,CLE,,,,,,WR/FLEX
134251-110259,WR,Treylon,Treylon Burks,Burks,3,8,4800,WAS@DAL,WAS,DAL,,,,,,WR/FLEX
134251-86811,TE,Cade,Cade Otton,Otton,4.099999904632568,1,4800,CLE@TB,TB,CLE,,,,,,TE/FLEX
134251-91931,TE,Greg,Greg Dulcich,Dulcich,2.799999952316284,1,4800,MIA@SF,MIA,SF,,,,,,TE/FLEX
134251-172861,WR,Elic,Elic Ayomanor,Ayomanor,7.599999904632568,1,4800,PHI@TEN,TEN,PHI,,,,,,WR/FLEX
134251-170825,WR,Chris,Chris Bell,Bell,3,1,4800,MIA@SF,MIA,SF,,,,,,WR/FLEX
134251-137059,RB,Sean,Sean Tucker,Tucker,5.317647148581112,17,4800,CLE@TB,TB,CLE,Q,Hamstring,,,,RB/FLEX
134251-184184,WR,Travis,Travis Hunter,Hunter,1.600000023841858,1,4800,JAC@DEN,JAC,DEN,,,,,,WR/FLEX
134251-48116,TE,Jonnu,Jonnu Smith,Smith,6,1,4800,GB@NYJ,GB,NYJ,,,,,,TE/FLEX
134251-71705,TE,Noah,Noah Fant,Fant,11.300000190734863,1,4700,NO@BAL,NO,BAL,,,,,,TE/FLEX
134251-167110,WR,Denzel,Denzel Boston,Boston,12.899999618530273,1,4700,CLE@TB,CLE,TB,,,,,,WR/FLEX
134251-12550,D,Seattle,Seattle Seahawks,Seahawks,13,1,4700,SEA@ARI,SEA,ARI,,,,,,DEF
134251-120093,WR,Marvin,Marvin Mims Jr.,Mims Jr.,0,1,4700,JAC@DEN,DEN,JAC,,,,,,WR/FLEX
134251-133477,TE,Darnell,Darnell Washington,Washington,2.799999952316284,1,4700,PIT@NE,PIT,NE,,,,,,TE/FLEX
134251-88548,WR,Jalen,Jalen Tolbert,Tolbert,3.390909021550959,11,4700,MIA@SF,MIA,SF,,,,,,WR/FLEX
134251-114198,WR,Xavier,Xavier Legette,Legette,0,1,4700,CAR@ATL,CAR,ATL,,,,,,WR/FLEX
134251-86687,WR,Hollywood,Hollywood Brown,Brown,7.074999809265137,16,4700,PHI@TEN,PHI,TEN,,,,,,WR/FLEX
134251-138037,WR,Roman,Roman Wilson,Wilson,4.099999904632568,1,4700,PIT@NE,PIT,NE,,,,,,WR/FLEX
134251-166749,RB,LeQuint,LeQuint Allen Jr.,Allen Jr.,1.2647058823529411,17,4700,JAC@DEN,JAC,DEN,,,,,,RB/FLEX
134251-91047,TE,Cole,Cole Kmet,Kmet,10.5,1,4700,MIN@CHI,CHI,MIN,,,,,,TE/FLEX
134251-152520,RB,Will,Will Shipley,Shipley,1.7000000476837158,1,4700,PHI@TEN,PHI,TEN,,,,,,RB/FLEX
134251-166896,RB,Kaytron,Kaytron Allen,Allen,1.600000023841858,1,4700,WAS@DAL,WAS,DAL,,,,,,RB/FLEX
134251-151740,RB,Corey,Corey Kiner,Kiner,1.100000023841858,1,4600,PIT@NE,NE,PIT,,,,,,RB/FLEX
134251-12555,D,Baltimore,Baltimore Ravens,Ravens,6,1,4600,NO@BAL,BAL,NO,,,,,,DEF
134251-193004,WR,Jahdae,Jahdae Walker,Walker,6.599999904632568,1,4600,MIN@CHI,CHI,MIN,,,,,,WR/FLEX
134251-185861,RB,Emanuel,Emanuel Wilson,Wilson,0.30000001192092896,1,4600,SEA@ARI,SEA,ARI,,,,,,RB/FLEX
134251-152148,TE,Gunnar,Gunnar Helm,Helm,4.800000190734863,1,4600,PHI@TEN,TEN,PHI,,,,,,TE/FLEX
134251-128633,RB,Kimani,Kimani Vidal,Vidal,8.928571428571429,14,4600,LV@LAC,LAC,LV,,,,,,RB/FLEX
134251-183251,WR,Zachariah,Zachariah Branch,Branch,0,1,4600,CAR@ATL,ATL,CAR,,,,,,WR/FLEX
134251-91101,TE,Tommy,Tommy Tremble,Tremble,4,1,4600,CAR@ATL,CAR,ATL,,,,,,TE/FLEX
134251-129112,WR,Chimere,Chimere Dike,Dike,-0.800000011920929,1,4500,PHI@TEN,TEN,PHI,,,,,,WR/FLEX
134251-168054,TE,Mason,Mason Taylor,Taylor,0.800000011920929,1,4500,GB@NYJ,NYJ,GB,,,,,,TE/FLEX
134251-130270,TE,Adam,Adam Trautman,Trautman,2,1,4500,JAC@DEN,DEN,JAC,,,,,,TE/FLEX
134251-12548,D,Los Angeles,Los Angeles Chargers,Chargers,1,1,4500,LV@LAC,LAC,LV,,,,,,DEF
134251-33047,WR,Chris,Chris Moore,Moore,5.800000190734863,1,4500,NO@BAL,BAL,NO,,,,,,WR/FLEX
134251-102696,WR,John,John Metchie III,Metchie III,4.261538578913762,13,4500,CAR@ATL,CAR,ATL,,,,,,WR/FLEX
134251-93538,WR,Dyami,Dyami Brown,Brown,0,1,4500,WAS@DAL,WAS,DAL,,,,,,WR/FLEX
134251-56711,TE,Drew,Drew Sample,Sample,3.4000000953674316,1,4500,CIN@HOU,CIN,HOU,,,,,,TE/FLEX
134251-190930,WR,Ja'Kobi,Ja'Kobi Lane,Lane,1.600000023841858,1,4500,NO@BAL,BAL,NO,D,Wrist,,,,WR/FLEX
134251-185863,RB,Hunter,Hunter Luepke,Luepke,0.699999988079071,1,4500,WAS@DAL,DAL,WAS,,,,,,RB/FLEX
134251-208430,WR,Bryce,Bryce Lance,Lance,5.699999809265137,1,4500,NO@BAL,NO,BAL,,,,,,WR/FLEX
134251-128693,RB,Tank,Tank Bigsby,Bigsby,0.30000001192092896,1,4500,PHI@TEN,PHI,TEN,,,,,,RB/FLEX
134251-134837,WR,Tory,Tory Horton,Horton,7.324999809265137,8,4500,SEA@ARI,SEA,ARI,Q,Hamstring,,,,WR/FLEX
134251-158529,WR,Josh,Josh Cameron,Cameron,9,1,4500,JAC@DEN,JAC,DEN,,,,,,WR/FLEX
134251-71521,RB,Justice,Justice Hill,Hill,3.299999952316284,1,4500,NO@BAL,BAL,NO,,,,,,RB/FLEX
134251-103308,RB,Jawhar,Jawhar Jordan,Jordan,7.300000190734863,4,4500,CIN@HOU,HOU,CIN,,,,,,RB/FLEX
134251-103378,TE,Erick,Erick All Jr.,All Jr.,,0,4500,CIN@HOU,CIN,HOU,,,,,,TE/FLEX
134251-166898,RB,Nick,Nick Singleton,Singleton,,0,4500,PHI@TEN,TEN,PHI,,,,,,RB/FLEX
134251-183410,WR,Malik,Malik Benson,Benson,0.30000001192092896,1,4400,LV@LAC,LV,LAC,,,,,,WR/FLEX
134251-174245,WR,Isaiah,Isaiah Bond,Bond,3.046666717529297,15,4400,CLE@TB,CLE,TB,,,,,,WR/FLEX
134251-166112,RB,Ollie,Ollie Gordon II,Gordon II,2.9764704984777115,17,4400,MIA@SF,MIA,SF,,,,,,RB/FLEX
134251-12533,D,Green Bay,Green Bay Packers,Packers,1,1,4400,GB@NYJ,GB,NYJ,,,,,,DEF
134251-158983,TE,Ja'Tavion,Ja'Tavion Sanders,Sanders,3.590909090909091,11,4400,CAR@ATL,CAR,ATL,,,,,,TE/FLEX
134251-71031,WR,Lil'Jordan,Lil'Jordan Humphrey,Humphrey,4.377777947319879,9,4400,JAC@DEN,DEN,JAC,,,,,,WR/FLEX
134251-129422,TE,Nate,Nate Boerkircher,Boerkircher,1.399999976158142,1,4400,JAC@DEN,JAC,DEN,,,,,,TE/FLEX
134251-73176,TE,Luke,Luke Farrell,Farrell,2.9000000953674316,1,4400,MIA@SF,SF,MIA,,,,,,TE/FLEX
134251-88575,WR,Elijah,Elijah Moore,Moore,2.5,10,4400,PHI@TEN,PHI,TEN,,,,,,WR/FLEX
134251-184917,WR,Elijah,Elijah Sarratt,Sarratt,,0,4400,NO@BAL,BAL,NO,,,,,,WR/FLEX
134251-65231,RB,Adam,Adam Prentice,Prentice,0.8666666666666667,15,4400,JAC@DEN,DEN,JAC,,,,,,RB/FLEX
134251-167636,WR,Germie,Germie Bernard,Bernard,,0,4400,PIT@NE,PIT,NE,,,,,,WR/FLEX
134251-85842,TE,Brevyn,Brevyn Spann-Ford,Spann-Ford,2.4000000953674316,1,4400,WAS@DAL,DAL,WAS,,,,,,TE/FLEX
134251-128912,WR,Mitch,Mitch Tinsley,Tinsley,3.450000047683716,8,4400,CIN@HOU,HOU,CIN,,,,,,WR/FLEX
134251-175021,RB,Jordan,Jordan James,James,4,1,4400,MIA@SF,SF,MIA,,,,,,RB/FLEX
134251-93107,RB,AJ,AJ Dillon,Dillon,2.799999952316284,1,4400,CAR@ATL,CAR,ATL,,,,,,RB/FLEX
134251-128986,WR,Jaylin,Jaylin Lane,Lane,0.8999999761581421,1,4400,WAS@DAL,WAS,DAL,,,,,,WR/FLEX
134251-72705,TE,John,John Bates,Bates,2.299999952316284,1,4300,WAS@DAL,WAS,DAL,,,,,,TE/FLEX
134251-103547,WR,Luke,Luke McCaffrey,McCaffrey,5.088888804117839,9,4300,WAS@DAL,WAS,DAL,,,,,,WR/FLEX
134251-173241,WR,Barion,Barion Brown,Brown,0.30000001192092896,1,4300,NO@BAL,NO,BAL,,,,,,WR/FLEX
134251-90307,TE,Daniel,Daniel Bellinger,Bellinger,1.2000000476837158,1,4300,PHI@TEN,TEN,PHI,,,,,,TE/FLEX
134251-12547,D,Pittsburgh,Pittsburgh Steelers,Steelers,18,1,4300,PIT@NE,PIT,NE,,,,,,DEF
134251-91417,TE,Luke,Luke Schoonmaker,Schoonmaker,1.7000000476837158,1,4300,WAS@DAL,DAL,WAS,,,,,,TE/FLEX
134251-60712,TE,Foster,Foster Moreau,Moreau,2.5,1,4300,CIN@HOU,HOU,CIN,,,,,,TE/FLEX
134251-136538,WR,Kyle,Kyle Williams,Williams,0,1,4300,PIT@NE,NE,PIT,,,,,,WR/FLEX
134251-87432,WR,Cedric,Cedric Tillman,Tillman,4.125,12,4300,NO@BAL,NO,BAL,,,,,,WR/FLEX
134251-63907,TE,Josh,Josh Oliver,Oliver,3.200000047683716,1,4300,MIN@CHI,MIN,CHI,,,,,,TE/FLEX
134251-91578,RB,Zamir,Zamir White,White,1.5199999809265137,5,4300,NO@BAL,NO,BAL,,,,,,RB/FLEX
134251-92606,WR,Bo,Bo Melton,Melton,1.5,1,4300,GB@NYJ,GB,NYJ,,,,,,WR/FLEX
134251-92677,RB,Zavier,Zavier Scott,Scott,3.220000076293945,10,4300,MIN@CHI,CHI,MIN,,,,,,RB/FLEX
134251-160306,RB,Pierre,Pierre Strong Jr.,Strong Jr.,,0,4300,GB@NYJ,GB,NYJ,Q,Hamstring,,,,RB/FLEX
134251-173626,TE,Nate,Nate Adkins,Adkins,0,1,4300,JAC@DEN,DEN,JAC,,,,,,TE/FLEX
134251-112192,WR,Jonathan,Jonathan Mingo,Mingo,1.5,1,4300,WAS@DAL,DAL,WAS,,,,,,WR/FLEX
134251-176734,TE,Eli,Eli Raridon,Raridon,6.699999809265137,1,4300,PIT@NE,NE,PIT,,,,,,TE/FLEX
134251-94887,RB,Tyler,Tyler Badie,Badie,1.6176470588235294,17,4300,JAC@DEN,DEN,JAC,NA,Coach's decision,,,,RB/FLEX
134251-152258,TE,Elijah,Elijah Arroyo,Arroyo,2.2615384321946363,13,4300,SEA@ARI,SEA,ARI,,,,,,TE/FLEX
134251-157490,TE,Will,Will Kacmarek,Kacmarek,0,1,4300,MIA@SF,MIA,SF,,,,,,TE/FLEX
134251-156527,WR,Devontez,Devontez Walker,Walker,5.766666412353516,6,4300,NO@BAL,BAL,NO,Q,Groin,,,,WR/FLEX
134251-166801,RB,Jaydon,Jaydon Blue,Blue,3.9799999237060546,5,4300,PHI@TEN,PHI,TEN,,,,,,RB/FLEX
134251-137265,TE,Ben,Ben Sinnott,Sinnott,2.862499952316284,8,4200,WAS@DAL,WAS,DAL,,,,,,TE/FLEX
134251-86113,WR,Ihmir,Ihmir Smith-Marsette,Smith-Marsette,,0,4200,SEA@ARI,ARI,SEA,,,,,,WR/FLEX
134251-83117,TE,Tanner,Tanner Hudson,Hudson,0.8999999761581421,1,4200,CIN@HOU,CIN,HOU,,,,,,TE/FLEX
134251-131266,RB,Lan,Lan Larison,Larison,1.899999976158142,1,4200,PIT@NE,NE,PIT,,,,,,RB/FLEX
134251-86255,TE,Josh,Josh Whyle,Whyle,1.9000000272478377,7,4200,GB@NYJ,GB,NYJ,Q,Neck,,,,TE/FLEX
134251-12531,D,Denver,Denver Broncos,Broncos,3,1,4200,JAC@DEN,DEN,JAC,,,,,,DEF
134251-91467,TE,Jake,Jake Tonges,Tonges,7.049999872843425,12,4200,MIA@SF,SF,MIA,Q,Knee,,,,TE/FLEX
134251-138649,WR,LaJohntay,LaJohntay Wester,Wester,2.5,1,4200,NO@BAL,BAL,NO,,,,,,WR/FLEX
134251-94621,WR,Derius,Derius Davis,Davis,0,1,4200,LV@LAC,LAC,LV,Q,Undisclosed,,,,WR/FLEX
134251-112041,WR,Isaiah,Isaiah Williams,Williams,1.2000000476837158,1,4200,GB@NYJ,NYJ,GB,,,,,,WR/FLEX
134251-241064,WR,Dohnte,Dohnte Meyers,Meyers,3.299999952316284,1,4200,CIN@HOU,CIN,HOU,,,,,,WR/FLEX
134251-112062,WR,Skyy,Skyy Moore,Moore,0,1,4200,GB@NYJ,GB,NYJ,,,,,,WR/FLEX
134251-160213,RB,Isaiah,Isaiah Davis,Davis,3.793750047683716,16,4200,GB@NYJ,NYJ,GB,,,,,,RB/FLEX
134251-87515,WR,Tylan,Tylan Wallace,Wallace,1.3888888888888888,9,4200,CLE@TB,CLE,TB,,,,,,WR/FLEX
134251-157150,RB,Audric,Audric Estime,Estime,8.419999694824218,5,4200,NO@BAL,NO,BAL,IR,Thigh,,,,RB/FLEX
134251-112101,WR,Jared,Jared Wayne,Wayne,1.7000000476837158,1,4200,CIN@HOU,HOU,CIN,,,,,,WR/FLEX
134251-201230,RB,Dylan,Dylan Laube,Laube,0,1,4200,LV@LAC,LV,LAC,,,,,,RB/FLEX
134251-183828,WR,Kevin,Kevin Coleman Jr.,Coleman Jr.,0,1,4200,MIA@SF,MIA,SF,,,,,,WR/FLEX
134251-102986,TE,Elijah,Elijah Higgins,Higgins,2.873333231608073,15,4200,SEA@ARI,ARI,SEA,,,,,,TE/FLEX
134251-87634,TE,Blake,Blake Whiteheart,Whiteheart,1.899999976158142,1,4200,CLE@TB,CLE,TB,,,,,,TE/FLEX
134251-27229,RB,Ameer,Ameer Abdullah,Abdullah,3.700000047683716,1,4200,JAC@DEN,JAC,DEN,,,,,,RB/FLEX
134251-147051,RB,Jaleel,Jaleel McLaughlin,McLaughlin,3.3299999237060547,10,4200,CLE@TB,CLE,TB,,,,,,RB/FLEX
134251-92890,WR,Cody,Cody White,White,0,1,4200,LV@LAC,LV,LAC,,,,,,WR/FLEX
134251-157438,WR,Jimmy,Jimmy Horn Jr.,Horn Jr.,-2,1,4200,CAR@ATL,CAR,ATL,,,,,,WR/FLEX
134251-87815,TE,Jeremy,Jeremy Ruckert,Ruckert,0.8999999761581421,1,4200,GB@NYJ,NYJ,GB,,,,,,TE/FLEX
134251-103187,RB,Roschon,Roschon Johnson,Johnson,0,1,4200,MIN@CHI,CHI,MIN,,,,,,RB/FLEX
134251-87844,TE,Brady,Brady Russell,Russell,3,1,4200,SEA@ARI,SEA,ARI,,,,,,TE/FLEX
134251-134014,WR,Jordan,Jordan Watkins,Watkins,1.7999999523162842,2,4200,MIA@SF,SF,MIA,,,,,,WR/FLEX
134251-173994,WR,Zavion,Zavion Thomas,Thomas,,0,4200,MIN@CHI,CHI,MIN,,,,,,WR/FLEX
134251-168916,RB,Kaleb,Kaleb Johnson,Johnson,0,1,4200,GB@NYJ,GB,NYJ,,,,,,RB/FLEX
134251-152537,WR,Tai,Tai Felton,Felton,0.4444444444444444,9,4200,MIN@CHI,MIN,CHI,,,,,,WR/FLEX
134251-173066,RB,CJ,CJ Donaldson,Donaldson,0.699999988079071,1,4100,NO@BAL,NO,BAL,,,,,,RB/FLEX
134251-90123,TE,Quintin,Quintin Morris,Morris,0,1,4100,JAC@DEN,JAC,DEN,,,,,,TE/FLEX
134251-111637,TE,Cade,Cade Stover,Stover,0.30000001192092896,1,4100,CIN@HOU,HOU,CIN,,,,,,TE/FLEX
134251-42046,TE,Durham,Durham Smythe,Smythe,0.8999999761581421,1,4100,NO@BAL,BAL,NO,,,,,,TE/FLEX
134251-64581,WR,Van,Van Jefferson,Jefferson,3.9642857142857144,14,4100,WAS@DAL,WAS,DAL,,,,,,WR/FLEX
134251-28827,RB,Dare,Dare Ogunbowale,Ogunbowale,1.7363636710427024,11,4100,LV@LAC,LV,LAC,,,,,,RB/FLEX
134251-40126,TE,Austin,Austin Hooper,Hooper,3.293750047683716,16,4100,CAR@ATL,ATL,CAR,,,,,,TE/FLEX
134251-12541,D,New England,New England Patriots,Patriots,6,1,4100,PIT@NE,NE,PIT,,,,,,DEF
134251-137488,RB,Rasheen,Rasheen Ali,Ali,0,1,4100,NO@BAL,BAL,NO,,,,,,RB/FLEX
134251-157973,WR,J. Michael,J. Michael Sturdivant,Sturdivant,,0,4100,GB@NYJ,GB,NYJ,,,,,,WR/FLEX
134251-171332,WR,Reggie,Reggie Virgil,Virgil,,0,4100,SEA@ARI,ARI,SEA,,,,,,WR/FLEX
134251-93539,RB,Michael,Michael Carter,Carter,6.346153846153846,13,4100,PHI@TEN,TEN,PHI,,,,,,RB/FLEX
134251-177614,TE,Marlin,Marlin Klein,Klein,2.0999999046325684,1,4100,CIN@HOU,HOU,CIN,,,,,,TE/FLEX
134251-39428,RB,Kyle,Kyle Juszczyk,Juszczyk,2.9555555979410806,18,4100,MIA@SF,SF,MIA,,,,,,RB/FLEX
134251-154124,TE,Mitchell,Mitchell Evans,Evans,1.399999976158142,1,4100,CAR@ATL,CAR,ATL,,,,,,TE/FLEX
134251-103966,TE,Stone,Stone Smartt,Smartt,1.7399999618530273,5,4100,NO@BAL,NO,BAL,,,,,,TE/FLEX
134251-88685,WR,Austin,Austin Trammell,Trammell,1.0166666507720947,6,4100,JAC@DEN,JAC,DEN,,,,,,WR/FLEX
134251-85635,TE,Charlie,Charlie Kolar,Kolar,2.40000005868765,13,4100,LV@LAC,LAC,LV,,,,,,TE/FLEX
134251-154245,TE,Seydou,Seydou Traore,Traore,,0,4100,MIA@SF,MIA,SF,,,,,,TE/FLEX
134251-71351,TE,Charlie,Charlie Woerner,Woerner,1.100000023841858,8,4100,CAR@ATL,ATL,CAR,,,,,,TE/FLEX
134251-147168,WR,Chris,Chris Blair,Blair,0,1,4100,CAR@ATL,ATL,CAR,,,,,,WR/FLEX
134251-133900,WR,Anthony,Anthony Smith,Smith,,0,4100,WAS@DAL,DAL,WAS,,,,,,WR/FLEX
134251-86800,TE,Colson,Colson Yankoff,Yankoff,0,1,4100,WAS@DAL,WAS,DAL,,,,,,TE/FLEX
134251-128805,WR,KeAndre,KeAndre Lambert-Smith,Lambert-Smith,1.5111111534966364,9,4100,LV@LAC,LAC,LV,D,Hamstring,,,,WR/FLEX
134251-138039,TE,Matt,Matt Hibner,Hibner,1.7999999523162842,1,4100,NO@BAL,BAL,NO,,,,,,TE/FLEX
134251-201535,WR,Kameron,Kameron Johnson,Johnson,0,1,4100,CLE@TB,TB,CLE,,,,,,WR/FLEX
134251-114530,WR,Jacob,Jacob Cowing,Cowing,0,1,4100,MIA@SF,SF,MIA,,,,,,WR/FLEX
134251-94087,RB,DeeJay,DeeJay Dallas,Dallas,0.6000000238418579,1,4100,MIN@CHI,MIN,CHI,,,,,,RB/FLEX
134251-93075,TE,Hunter,Hunter Long,Long,3.7857142857142856,7,4100,SEA@ARI,ARI,SEA,,,,,,TE/FLEX
134251-70661,WR,Velus,Velus Jones Jr.,Jones Jr.,0.8399999618530274,5,4000,SEA@ARI,SEA,ARI,,,,,,WR/FLEX
134251-92166,WR,Marcus,Marcus Jones,Jones,0,1,4000,PIT@NE,NE,PIT,,,,,,WR/FLEX
134251-167950,TE,Oscar,Oscar Delp,Delp,,0,4000,NO@BAL,NO,BAL,Q,Hamstring,,,,TE/FLEX
134251-41997,WR,River,River Cracraft,Cracraft,0,2,4000,WAS@DAL,WAS,DAL,Q,Undisclosed,,,,WR/FLEX
134251-152593,WR,Harrison,Harrison Wallace III,Wallace III,,0,4000,SEA@ARI,ARI,SEA,,,,,,WR/FLEX
134251-175126,WR,Chris,Chris Brazzell II,Brazzell II,,0,4000,CAR@ATL,CAR,ATL,IR,Knee,,,,WR/FLEX
134251-110617,WR,Isaiah,Isaiah Neyor,Neyor,,0,4000,GB@NYJ,GB,NYJ,,,,,,WR/FLEX
134251-110616,TE,Treyton,Treyton Welch,Welch,0,1,4000,NO@BAL,NO,BAL,,,,,,TE/FLEX
134251-152603,RB,Anthony,Anthony Tyus III,Tyus III,,0,4000,CAR@ATL,CAR,ATL,,,,,,RB/FLEX
134251-86047,RB,Malik,Malik Davis,Davis,4.733333163791233,9,4000,WAS@DAL,DAL,WAS,IR,Hip,,,,RB/FLEX
134251-86055,RB,Dameon,Dameon Pierce,Pierce,0.7199999809265136,5,4000,PHI@TEN,PHI,TEN,,,,,,RB/FLEX
134251-138277,WR,Jalen,Jalen Brooks,Brooks,1.149999976158142,4,4000,SEA@ARI,ARI,SEA,,,,,,WR/FLEX
134251-154661,WR,Michael,Michael Bandy,Bandy,2.75,4,4000,JAC@DEN,DEN,JAC,,,,,,WR/FLEX
134251-243752,WR,Daniel,Daniel Sobkowicz,Sobkowicz,,0,4000,CIN@HOU,HOU,CIN,,,,,,WR/FLEX
134251-175154,TE,Jack,Jack Endries,Endries,,0,4000,CIN@HOU,CIN,HOU,,,,,,TE/FLEX
134251-243761,WR,Kolbe,Kolbe Katsis,Katsis,,0,4000,JAC@DEN,DEN,JAC,,,,,,WR/FLEX
134251-243760,WR,Kyle,Kyle Dixon,Dixon,,0,4000,PIT@NE,NE,PIT,,,,,,WR/FLEX
134251-129081,RB,Ahmani,Ahmani Marshall,Marshall,,0,4000,CAR@ATL,CAR,ATL,,,,,,RB/FLEX
134251-86075,TE,Lucas,Lucas Krull,Krull,1.25,2,4000,JAC@DEN,DEN,JAC,,,,,,TE/FLEX
134251-173113,RB,Eli,Eli Heidenreich,Heidenreich,0,1,4000,PIT@NE,PIT,NE,,,,,,RB/FLEX
134251-133180,TE,Ben,Ben Yurosek,Yurosek,0.8000000317891439,3,4000,MIN@CHI,MIN,CHI,IR,Undisclosed,,,,TE/FLEX
134251-166977,WR,Jordan,Jordan Hudson,Hudson,,0,4000,WAS@DAL,DAL,WAS,,,,,,WR/FLEX
134251-174148,RB,Carlos,Carlos Washington Jr.,Washington Jr.,,0,4000,MIA@SF,MIA,SF,,,,,,RB/FLEX
134251-168005,WR,CJ,CJ Williams,Williams,,0,4000,JAC@DEN,JAC,DEN,,,,,,WR/FLEX
134251-165962,TE,Nikola,Nikola Kalinic,Kalinic,0,2,4000,MIN@CHI,CHI,MIN,IR,Knee,,,,TE/FLEX
134251-141390,TE,Riley,Riley Nowakowski,Nowakowski,0,1,4000,PIT@NE,PIT,NE,,,,,,TE/FLEX
134251-103506,TE,Nick,Nick Kallerup,Kallerup,0,3,4000,SEA@ARI,SEA,ARI,,,,,,TE/FLEX
134251-152669,TE,Jameson,Jameson Geers,Geers,,0,4000,SEA@ARI,ARI,SEA,IR,Undisclosed,,,,TE/FLEX
134251-154730,WR,Dean,Dean Patterson IV,Patterson IV,,0,4000,CLE@TB,TB,CLE,,,,,,WR/FLEX
134251-68714,TE,Ko,Ko Kieft,Kieft,,0,4000,CLE@TB,TB,CLE,,,,,,TE/FLEX
134251-86125,WR,Brandon,Brandon Smith,Smith,,0,4000,PIT@NE,PIT,NE,,,,,,WR/FLEX
134251-79980,TE,Eric,Eric Saubert,Saubert,1.0142857006617956,7,4000,SEA@ARI,SEA,ARI,,,,,,TE/FLEX
134251-183404,TE,Josh,Josh Cuevas,Cuevas,,0,4000,NO@BAL,BAL,NO,,,,,,TE/FLEX
134251-79987,WR,David,David Moore,Moore,0.7333333492279053,3,4000,CAR@ATL,CAR,ATL,,,,,,WR/FLEX
134251-61555,WR,David,David Sills V,Sills V,3.3416665395100913,12,4000,CLE@TB,TB,CLE,IR,Undisclosed,,,,WR/FLEX
134251-94345,TE,Cole,Cole Turner,Turner,,0,4000,MIA@SF,MIA,SF,IR,Undisclosed,,,,TE/FLEX
134251-159883,RB,Cash,Cash Jones,Jones,,0,4000,CAR@ATL,ATL,CAR,,,,,,RB/FLEX
134251-87179,TE,Thomas,Thomas Yassmin,Yassmin,,0,4000,GB@NYJ,GB,NYJ,IR,Undisclosed,,,,TE/FLEX
134251-95370,TE,Ryan,Ryan Miller,Miller,1.4857142312186105,7,4000,MIA@SF,MIA,SF,,,,,,TE/FLEX
134251-72846,WR,A.J.,A.J. Brown,Brown,4.099999904632568,1,4000,PIT@NE,NE,PIT,IR,Ankle,,,,WR/FLEX
134251-152717,WR,Beaux,Beaux Collins,Collins,1.1666666666666667,3,4000,CAR@ATL,ATL,CAR,IR,Undisclosed,,,,WR/FLEX
134251-143509,TE,Caleb,Caleb Lohner,Lohner,,0,4000,JAC@DEN,DEN,JAC,IR,Lower body,,,,TE/FLEX
134251-54426,TE,Andrew,Andrew Beck,Beck,2.2222222222222223,9,4000,GB@NYJ,NYJ,GB,,,,,,TE/FLEX
134251-157858,TE,Michael,Michael Trigg,Trigg,,0,4000,WAS@DAL,DAL,WAS,,,,,,TE/FLEX
134251-151726,TE,Robbie,Robbie Ouzts,Ouzts,0,2,4000,SEA@ARI,SEA,ARI,IR,Neck,,,,TE/FLEX
134251-152754,RB,Myles,Myles Montgomery,Montgomery,,0,4000,PIT@NE,NE,PIT,IR,Undisclosed,,,,RB/FLEX
134251-105648,RB,Tyler,Tyler Goodson,Goodson,0.4199999809265137,10,4000,CAR@ATL,ATL,CAR,,,,,,RB/FLEX
134251-174263,WR,Emmanuel,Emmanuel Henderson Jr.,Henderson Jr.,,0,4000,SEA@ARI,SEA,ARI,,,,,,WR/FLEX
134251-152756,WR,Will,Will Pauling,Pauling,,0,4000,MIA@SF,SF,MIA,,,,,,WR/FLEX
134251-86203,WR,Justin,Justin Shorter,Shorter,,0,4000,LV@LAC,LV,LAC,IR,Undisclosed,,,,WR/FLEX
134251-151737,TE,E.J.,E.J. Jenkins,Jenkins,,0,4000,PHI@TEN,PHI,TEN,,,,,,TE/FLEX
134251-129219,RB,Israel,Israel Abanikanda,Abanikanda,,0,4000,WAS@DAL,DAL,WAS,,,,,,RB/FLEX
134251-151744,WR,Chris,Chris Hilton Jr.,Hilton Jr.,,0,4000,GB@NYJ,GB,NYJ,,,,,,WR/FLEX
134251-158916,TE,Bauer,Bauer Sharp,Sharp,0,1,4000,CLE@TB,TB,CLE,,,,,,TE/FLEX
134251-176325,TE,Jack,Jack Velling,Velling,,0,4000,CAR@ATL,ATL,CAR,,,,,,TE/FLEX
134251-170184,RB,Julius,Julius Chestnut,Chestnut,0.3076923076923077,13,4000,PHI@TEN,TEN,PHI,,,,,,RB/FLEX
134251-166095,RB,Cody,Cody Schrader,Schrader,,0,4000,JAC@DEN,DEN,JAC,,,,,,RB/FLEX
134251-93391,TE,Payne,Payne Durham,Durham,0.3200000047683716,5,4000,CLE@TB,TB,CLE,,,,,,TE/FLEX
134251-171212,WR,Wesley,Wesley Grimes,Grimes,,0,4000,MIA@SF,SF,MIA,,,,,,WR/FLEX
134251-171217,RB,Demond,Demond Claiborne,Claiborne,,0,4000,MIN@CHI,MIN,CHI,,,,,,RB/FLEX
134251-104661,TE,Patrick,Patrick Herbert,Herbert,,0,4000,LV@LAC,LAC,LV,,,,,,TE/FLEX
134251-167124,TE,Evan,Evan Svoboda,Svoboda,,0,4000,LV@LAC,LAC,LV,,,,,,TE/FLEX
134251-91361,RB,Hassan,Hassan Haskins,Haskins,0.7272727272727273,11,4000,PIT@NE,NE,PIT,,,,,,RB/FLEX
134251-120035,TE,Mark,Mark Redman,Redman,,0,4000,GB@NYJ,GB,NYJ,,,,,,TE/FLEX
134251-170208,WR,Kaden,Kaden Davis,Davis,0,1,4000,MIN@CHI,CHI,MIN,,,,,,WR/FLEX
134251-151777,TE,Eli,Eli Stowers,Stowers,,0,4000,PHI@TEN,PHI,TEN,IR,Hamstring,,,,TE/FLEX
134251-169185,WR,Jamaal,Jamaal Pritchett,Pritchett,,0,4000,GB@NYJ,NYJ,GB,,,,,,WR/FLEX
134251-63717,RB,Alec,Alec Ingold,Ingold,1.1222222646077473,9,4000,LV@LAC,LAC,LV,,,,,,RB/FLEX
134251-168171,TE,Jaren,Jaren Kanak,Kanak,,0,4000,PHI@TEN,TEN,PHI,IR,Pectoral,,,,TE/FLEX
134251-174329,WR,Brenen,Brenen Thompson,Thompson,,0,4000,LV@LAC,LAC,LV,,,,,,WR/FLEX
134251-61693,TE,Danny,Danny Pinter,Pinter,0,1,4000,NO@BAL,BAL,NO,IR,Knee,,,,TE/FLEX
134251-91401,WR,Ronnie,Ronnie Bell,Bell,4.650000095367432,2,4000,LV@LAC,LV,LAC,,,,,,WR/FLEX
134251-129291,WR,Tank,Tank Dell,Dell,,0,4000,CIN@HOU,HOU,CIN,IR,Knee - acl + mcl,,,,WR/FLEX
134251-12556,D,Houston,Houston Texans,Texans,-2,1,4000,CIN@HOU,HOU,CIN,,,,,,DEF
134251-94481,WR,Deven,Deven Thompkins,Thompkins,0.6714285441807338,7,4000,LV@LAC,LV,LAC,,,,,,WR/FLEX
134251-174355,WR,Jeremiah,Jeremiah Webb,Webb,,0,4000,PIT@NE,NE,PIT,IR,Arm,,,,WR/FLEX
134251-110868,RB,Josh,Josh Williams,Williams,0,1,4000,CLE@TB,TB,CLE,,,,,,RB/FLEX
134251-137495,RB,Kentrel,Kentrel Bullock,Bullock,,0,4000,CIN@HOU,CIN,HOU,,,,,,RB/FLEX
134251-85306,WR,KhaDarel,KhaDarel Hodge,Hodge,0,1,4000,MIA@SF,SF,MIA,,,,,,WR/FLEX
134251-92479,TE,David,David Martin-Robinson,Martin-Robinson,1.5714285714285714,7,4000,PHI@TEN,TEN,PHI,,,,,,TE/FLEX
134251-56648,RB,Jeremy,Jeremy McNichols,McNichols,3.762500047683716,16,4000,WAS@DAL,WAS,DAL,IR,Quadriceps,,,,RB/FLEX
134251-87371,RB,Ty,Ty Chandler,Chandler,2.433333396911621,3,4000,NO@BAL,NO,BAL,IR,Knee,,,,RB/FLEX
134251-149832,TE,Shane,Shane Zylstra,Zylstra,3.5,1,4000,PIT@NE,NE,PIT,,,,,,TE/FLEX
134251-89437,WR,Tim,Tim Jones,Jones,1,2,4000,JAC@DEN,JAC,DEN,,,,,,WR/FLEX
134251-185699,WR,Eric,Eric Rivers Jr.,Rivers Jr.,,0,4000,CLE@TB,TB,CLE,,,,,,WR/FLEX
134251-133478,WR,Arian,Arian Smith,Smith,0,1,4000,GB@NYJ,NYJ,GB,,,,,,WR/FLEX
134251-93540,RB,British,British Brooks,Brooks,0.9750000238418579,8,4000,CIN@HOU,HOU,CIN,,,,,,RB/FLEX
134251-151909,WR,Dont'e,Dont'e Thornton Jr.,Thornton Jr.,1.6818181818181819,11,4000,LV@LAC,LV,LAC,IR,Undisclosed,,,,WR/FLEX
134251-153957,TE,Zaire,Zaire Mitchell-Paden,Mitchell-Paden,0.9000000158945719,3,4000,CIN@HOU,HOU,CIN,,,,,,TE/FLEX
134251-151914,TE,Moliki,Moliki Matavao,Matavao,2,1,4000,NO@BAL,NO,BAL,IR,Knee,,,,TE/FLEX
134251-63855,WR,K.J.,K.J. Osborn,Osborn,,0,4000,PHI@TEN,TEN,PHI,,,,,,WR/FLEX
134251-166253,TE,Sam,Sam Roush,Roush,,0,4000,MIN@CHI,CHI,MIN,,,,,,TE/FLEX
134251-90480,TE,Joel,Joel Wilson,Wilson,,0,4000,PHI@TEN,TEN,PHI,,,,,,TE/FLEX
134251-71032,WR,Devin,Devin Duvernay,Duvernay,0,1,4000,SEA@ARI,ARI,SEA,,,,,,WR/FLEX
134251-157051,TE,Tanner,Tanner Arkin,Arkin,,0,4000,PIT@NE,NE,PIT,,,,,,TE/FLEX
134251-110978,RB,Evan,Evan Hull,Hull,0.9833333492279053,6,4000,SEA@ARI,ARI,SEA,,,,,,RB/FLEX
134251-90501,WR,Julian,Julian Hicks,Hicks,,0,4000,SEA@ARI,SEA,ARI,,,,,,WR/FLEX
134251-167306,TE,Tanner,Tanner Koziol,Koziol,,0,4000,JAC@DEN,JAC,DEN,,,,,,TE/FLEX
134251-102796,WR,Ricky,Ricky Pearsall,Pearsall,7.659999847412109,10,4000,MIA@SF,SF,MIA,IR,Knee - pcl,,,,WR/FLEX
134251-87442,TE,Princeton,Princeton Fant,Fant,,0,4000,WAS@DAL,DAL,WAS,IR,Knee - acl + mcl,,,,TE/FLEX
134251-90522,TE,Cameron,Cameron Latu,Latu,0,3,4000,PIT@NE,NE,PIT,,,,,,TE/FLEX
134251-114079,TE,Hayden,Hayden Rucci,Rucci,,0,4000,JAC@DEN,JAC,DEN,,,,,,TE/FLEX
134251-94625,WR,Jalen,Jalen Reagor,Reagor,,0,4000,MIA@SF,MIA,SF,,,,,,WR/FLEX
134251-151968,TE,Lake,Lake McRee,McRee,,0,4000,PIT@NE,PIT,NE,,,,,,TE/FLEX
134251-112037,WR,Casey,Casey Washington,Washington,2.4799999237060546,5,4000,CAR@ATL,CAR,ATL,,,,,,WR/FLEX
134251-154020,RB,Al-Jay,Al-Jay Henderson,Henderson,,0,4000,GB@NYJ,NYJ,GB,,,,,,RB/FLEX
134251-166313,RB,Adam,Adam Randall,Randall,,0,4000,NO@BAL,BAL,NO,IR,Undisclosed,,,,RB/FLEX
134251-87469,TE,Jelani,Jelani Woods,Woods,0.44999998807907104,2,4000,GB@NYJ,NYJ,GB,,,,,,TE/FLEX
134251-175539,WR,Vinny,Vinny Anthony II,Anthony II,,0,4000,CAR@ATL,ATL,CAR,,,,,,WR/FLEX
134251-40371,TE,Johnny,Johnny Mundt,Mundt,0,1,4000,PHI@TEN,PHI,TEN,,,,,,TE/FLEX
134251-184756,TE,Hayden,Hayden Large,Large,,0,4000,MIN@CHI,CHI,MIN,IR,Undisclosed,,,,TE/FLEX
134251-60858,WR,Christian,Christian Kirk,Kirk,6.1769233116736775,13,4000,MIA@SF,SF,MIA,IR,Calf,,,,WR/FLEX
134251-151993,TE,DJ,DJ Rogers,Rogers,,0,4000,WAS@DAL,DAL,WAS,IR,Knee,,,,TE/FLEX
134251-71105,WR,Ben,Ben Skowronek,Skowronek,1.2416666348775227,12,4000,PIT@NE,PIT,NE,,,,,,WR/FLEX
134251-26057,RB,Michael,Michael Burton,Burton,,0,4000,CLE@TB,CLE,TB,,,,,,RB/FLEX
134251-152014,WR,JP,JP Richardson,Richardson,,0,4000,MIN@CHI,CHI,MIN,,,,,,WR/FLEX
134251-173518,WR,Qadir,Qadir Ismail,Ismail,,0,4000,MIN@CHI,CHI,MIN,,,,,,WR/FLEX
134251-69068,RB,Jonathan,Jonathan Ward,Ward,,0,4000,NO@BAL,BAL,NO,,,,,,RB/FLEX
134251-109007,WR,Josh,Josh Kelly,Kelly,,0,4000,CIN@HOU,HOU,CIN,,,,,,WR/FLEX
134251-109008,WR,Jalen,Jalen Moreno-Cropper,Moreno-Cropper,0,2,4000,NO@BAL,NO,BAL,,,,,,WR/FLEX
134251-243158,WR,Tyren,Tyren Montgomery,Montgomery,,0,4000,PHI@TEN,TEN,PHI,,,,,,WR/FLEX
134251-54746,TE,Tyler,Tyler Ott,Ott,,0,4000,WAS@DAL,WAS,DAL,,,,,,TE/FLEX
134251-243161,TE,Ty,Ty Pezza,Pezza,,0,4000,NO@BAL,BAL,NO,,,,,,TE/FLEX
134251-243160,WR,Michael,Michael Briscoe,Briscoe,,0,4000,MIN@CHI,MIN,CHI,,,,,,WR/FLEX
134251-80353,TE,Robert,Robert Tonyan,Tonyan,0.6000000238418579,1,4000,PIT@NE,PIT,NE,,,,,,TE/FLEX
134251-157154,WR,Jaden,Jaden Bradley,Bradley,,0,4000,WAS@DAL,WAS,DAL,,,,,,WR/FLEX
134251-169440,WR,Kaden,Kaden Wetjen,Wetjen,0,1,4000,PIT@NE,PIT,NE,,,,,,WR/FLEX
134251-71143,TE,Kylen,Kylen Granson,Granson,0.8333333333333334,9,4000,PHI@TEN,TEN,PHI,,,,,,TE/FLEX
134251-188900,WR,Michael,Michael Wortham,Wortham,,0,4000,JAC@DEN,JAC,DEN,,,,,,WR/FLEX
134251-208360,RB,Damon,Damon Bankston,Bankston,,0,4000,GB@NYJ,GB,NYJ,,,,,,RB/FLEX
134251-191983,TE,Dallen,Dallen Bentley,Bentley,,0,4000,JAC@DEN,DEN,JAC,NA,Coach's decision,,,,TE/FLEX
134251-177644,TE,Justin,Justin Joly,Joly,,0,4000,MIA@SF,MIA,SF,,,,,,TE/FLEX
134251-102902,WR,Trey,Trey Palmer,Palmer,,0,4000,NO@BAL,NO,BAL,,,,,,WR/FLEX
134251-184821,RB,Robert,Robert Henry Jr.,Henry Jr.,,0,4000,WAS@DAL,WAS,DAL,,,,,,RB/FLEX
134251-185850,TE,Julian,Julian Hill,Hill,2.1363636363636362,11,4000,PIT@NE,NE,PIT,IR,Knee,,,,TE/FLEX
134251-89613,WR,Simi,Simi Fehoko,Fehoko,0,1,4000,SEA@ARI,ARI,SEA,,,,,,WR/FLEX
134251-129560,WR,Xavier,Xavier Restrepo,Restrepo,2.799999952316284,2,4000,PHI@TEN,TEN,PHI,,,,,,WR/FLEX
134251-89627,WR,Brycen,Brycen Tremayne,Tremayne,0,1,4000,CAR@ATL,CAR,ATL,,,,,,WR/FLEX
134251-160287,RB,Amar,Amar Johnson,Johnson,0.800000011920929,1,4000,LV@LAC,LAC,LV,,,,,,RB/FLEX
134251-73247,RB,Kene,Kene Nwangwu,Nwangwu,1.0899999618530274,10,4000,GB@NYJ,NYJ,GB,Q,Back,,,,RB/FLEX
134251-166434,WR,Dane,Dane Key,Key,,0,4000,JAC@DEN,DEN,JAC,,,,,,WR/FLEX
134251-173606,WR,Dillon,Dillon Bell,Bell,,0,4000,MIN@CHI,MIN,CHI,,,,,,WR/FLEX
134251-226859,WR,Darius,Darius Cooper,Cooper,0,1,4000,PHI@TEN,PHI,TEN,,,,,,WR/FLEX
134251-114224,WR,Kyrese,Kyrese Rowan,Rowan,,0,4000,NO@BAL,NO,BAL,,,,,,WR/FLEX
134251-226875,WR,Ja'seem,Ja'seem Reed,Reed,,0,4000,CAR@ATL,CAR,ATL,,,,,,WR/FLEX
134251-225850,RB,J'Mari,J'Mari Taylor,Taylor,,0,4000,JAC@DEN,JAC,DEN,,,,,,RB/FLEX
134251-226878,TE,Carter,Carter Runyon,Runyon,0.26666667064030963,3,4000,LV@LAC,LV,LAC,IR,Undisclosed,,,,TE/FLEX
134251-71241,WR,Brandon,Brandon Johnson,Johnson,,0,4000,PIT@NE,PIT,NE,,,,,,WR/FLEX
134251-104008,TE,Stephen,Stephen Carlson,Carlson,,0,4000,MIN@CHI,CHI,MIN,,,,,,TE/FLEX
134251-104019,TE,Matt,Matt Orzech,Orzech,0,2,4000,GB@NYJ,GB,NYJ,,,,,,TE/FLEX
134251-63061,WR,Gary,Gary Jennings Jr.,Jennings Jr.,,0,4000,LV@LAC,LAC,LV,,,,,,WR/FLEX
134251-86612,TE,Brayden,Brayden Willis,Willis,0,2,4000,MIA@SF,SF,MIA,,,,,,TE/FLEX
134251-138854,WR,Ke'Shawn,Ke'Shawn Williams,Williams,0,11,4000,CIN@HOU,CIN,HOU,,,,,,WR/FLEX
134251-172646,RB,Trevor,Trevor Etienne,Etienne,0.47777779897054035,18,4000,CAR@ATL,CAR,ATL,IR,Ankle,,,,RB/FLEX
134251-231015,WR,Cameron,Cameron Dorner,Dorner,,0,4000,PIT@NE,NE,PIT,,,,,,WR/FLEX
134251-129641,WR,Will,Will Sheppard,Sheppard,,0,4000,MIA@SF,MIA,SF,,,,,,WR/FLEX
134251-206447,RB,Max,Max Hurleman,Hurleman,,0,4000,PIT@NE,PIT,NE,,,,,,RB/FLEX
134251-56947,TE,Chris,Chris Myarick,Myarick,,0,4000,LV@LAC,LV,LAC,,,,,,TE/FLEX
134251-86646,RB,Trey,Trey Sermon,Sermon,0,1,4000,CAR@ATL,ATL,CAR,IR,Undisclosed,,,,RB/FLEX
134251-104054,RB,Sincere,Sincere McCormick,McCormick,,0,4000,MIA@SF,SF,MIA,,,,,,RB/FLEX
134251-201342,RB,Chris,Chris Collier,Collier,,0,4000,LV@LAC,LV,LAC,IR,Undisclosed,,,,RB/FLEX
134251-172675,WR,Jordyn,Jordyn Tyson,Tyson,,0,4000,NO@BAL,NO,BAL,IR,Hamstring,,,,WR/FLEX
134251-141956,TE,Beau,Beau Gardner,Gardner,0,1,4000,MIN@CHI,CHI,MIN,,,,,,TE/FLEX
134251-167561,WR,Antwane,Antwane Wells Jr.,Wells Jr.,,0,4000,CAR@ATL,ATL,CAR,,,,,,WR/FLEX
134251-64147,WR,Britain,Britain Covey,Covey,0,1,4000,PHI@TEN,PHI,TEN,,,,,,WR/FLEX
134251-152219,WR,Lewis,Lewis Bond,Bond,,0,4000,CIN@HOU,HOU,CIN,,,,,,WR/FLEX
134251-86682,TE,Grant,Grant Calcaterra,Calcaterra,2.0111111534966364,9,4000,PHI@TEN,PHI,TEN,IR,Back,,,,TE/FLEX
134251-94888,TE,Messiah,Messiah Swinson,Swinson,,0,4000,CLE@TB,CLE,TB,,,,,,TE/FLEX
134251-103083,WR,Theo,Theo Wease Jr.,Wease Jr.,7.633333206176758,3,4000,LV@LAC,LAC,LV,,,,,,WR/FLEX
134251-152232,WR,Jordan,Jordan Moore,Moore,,0,4000,CIN@HOU,CIN,HOU,,,,,,WR/FLEX
134251-87731,WR,Dominique,Dominique Robinson,Robinson,0,1,4000,CIN@HOU,HOU,CIN,,,,,,WR/FLEX
134251-69302,TE,Feleipe,Feleipe Franks,Franks,0,1,4000,CAR@ATL,CAR,ATL,,,,,,TE/FLEX
134251-110274,WR,Bub,Bub Means,Means,,0,4000,CLE@TB,CLE,TB,,,,,,WR/FLEX
134251-111300,RB,Jacardia,Jacardia Wright,Wright,2,1,4000,SEA@ARI,SEA,ARI,,,,,,RB/FLEX
134251-128717,WR,Corey,Corey Rucker,Rucker,,0,4000,LV@LAC,LV,LAC,IR,Undisclosed,,,,WR/FLEX
134251-152272,WR,De'Zhaun,De'Zhaun Stribling,Stribling,,0,4000,MIA@SF,SF,MIA,D,Ankle,,,,WR/FLEX
134251-92882,TE,Connor,Connor Heyward,Heyward,0.10000000149011612,1,4000,LV@LAC,LV,LAC,,,,,,TE/FLEX
134251-156374,TE,Tre,Tre Watson,Watson,,0,4000,MIA@SF,MIA,SF,,,,,,TE/FLEX
134251-142042,RB,Trey,Trey Benson,Benson,7.224999904632568,4,4000,SEA@ARI,ARI,SEA,IR,Knee,,,,RB/FLEX
134251-86747,WR,Dylan,Dylan Drummond,Drummond,1.5399999618530273,5,4000,CAR@ATL,ATL,CAR,,,,,,WR/FLEX
134251-104165,RB,Lew,Lew Nichols,Nichols,,0,4000,PIT@NE,PIT,NE,,,,,,RB/FLEX
134251-152295,RB,Gregory,Gregory Desrosiers,Desrosiers,,0,4000,LV@LAC,LAC,LV,,,,,,RB/FLEX
134251-86762,TE,Jack,Jack Westover,Westover,0.5999999841054281,3,4000,WAS@DAL,WAS,DAL,,,,,,TE/FLEX
134251-40687,RB,James,James Conner,Conner,9.766666412353516,3,4000,SEA@ARI,ARI,SEA,IR,Foot,,,,RB/FLEX
134251-156400,RB,Roman,Roman Hemby,Hemby,,0,4000,LV@LAC,LV,LAC,,,,,,RB/FLEX
134251-131835,WR,Efton,Efton Chism III,Chism III,1.75,10,4000,PIT@NE,NE,PIT,,,,,,WR/FLEX
134251-86780,RB,Salvon,Salvon Ahmed,Ahmed,,0,4000,MIN@CHI,CHI,MIN,,,,,,RB/FLEX
134251-57091,WR,Tim,Tim Patrick,Patrick,3.1571429116385326,14,4000,GB@NYJ,NYJ,GB,IR,Groin,,,,WR/FLEX
134251-169733,TE,Carsen,Carsen Ryan,Ryan,0,1,4000,CLE@TB,CLE,TB,,,,,,TE/FLEX
134251-152333,WR,Malik,Malik McClain,McClain,,0,4000,GB@NYJ,NYJ,GB,,,,,,WR/FLEX
134251-170769,WR,Camden,Camden Brown,Brown,,0,4000,WAS@DAL,DAL,WAS,,,,,,WR/FLEX
134251-71444,RB,Travis,Travis Homer,Homer,-0.04000000059604645,5,4000,PIT@NE,PIT,NE,,,,,,RB/FLEX
134251-70426,RB,Reggie,Reggie Gilliam,Gilliam,0.6333333253860474,6,4000,PIT@NE,NE,PIT,,,,,,RB/FLEX
134251-71459,RB,Brittain,Brittain Brown,Brown,4.849999904632568,2,4000,MIN@CHI,CHI,MIN,IR,Undisclosed,,,,RB/FLEX
134251-152363,TE,Gavin,Gavin Bartholomew,Bartholomew,,0,4000,MIN@CHI,MIN,CHI,,,,,,TE/FLEX
134251-158511,RB,Max,Max Bredeson,Bredeson,,0,4000,MIN@CHI,MIN,CHI,,,,,,RB/FLEX
134251-138028,RB,Kalel,Kalel Mullings,Mullings,0.23333332935969034,3,4000,PHI@TEN,TEN,PHI,,,,,,RB/FLEX
134251-137017,TE,Drake,Drake Dabney,Dabney,0.800000011920929,1,4000,GB@NYJ,GB,NYJ,,,,,,TE/FLEX
134251-72515,TE,Ian,Ian Thomas,Thomas,2.557142802647182,7,4000,LV@LAC,LV,LAC,,,,,,TE/FLEX
134251-120642,WR,Savion,Savion Williams,Williams,1.7083333333333333,12,4000,GB@NYJ,GB,NYJ,IR,Ankle,,,,WR/FLEX
134251-112455,WR,Xavier,Xavier Gipson,Gipson,-0.40000001589457196,6,4000,PHI@TEN,PHI,TEN,,,,,,WR/FLEX
134251-58189,TE,Mitchell,Mitchell Fraboni,Fraboni,0,1,4000,JAC@DEN,DEN,JAC,,,,,,TE/FLEX
134251-103252,RB,Bam,Bam Knight,Knight,6.825000127156575,12,4000,SEA@ARI,ARI,SEA,,,,,,RB/FLEX
134251-61273,WR,Scotty,Scotty Miller,Miller,2.1399999618530274,5,4000,MIN@CHI,CHI,MIN,,,,,,WR/FLEX
134251-178011,WR,Xavier,Xavier Guillory,Guillory,,0,4000,NO@BAL,BAL,NO,,,,,,WR/FLEX
134251-201561,WR,Cole,Cole Burgess,Burgess,,0,4000,PIT@NE,PIT,NE,IR,Undisclosed,,,,WR/FLEX
134251-201564,TE,Cam,Cam Grandy,Grandy,0.8500000238418579,2,4000,MIN@CHI,MIN,CHI,,,,,,TE/FLEX
134251-137058,WR,Trebor,Trebor Pena,Pena,,0,4000,JAC@DEN,JAC,DEN,,,,,,WR/FLEX
134251-66402,TE,Jack,Jack Driscoll,Driscoll,,0,4000,PIT@NE,PIT,NE,IR,Undisclosed,,,,TE/FLEX
134251-93026,TE,Teagan,Teagan Quitoriano,Quitoriano,0,1,4000,SEA@ARI,ARI,SEA,,,,,,TE/FLEX
134251-192358,TE,Shawn,Shawn Bowman,Bowman,,0,4000,SEA@ARI,ARI,SEA,,,,,,TE/FLEX
134251-169834,WR,Dareke,Dareke Young,Young,0.5800000190734863,10,4000,LV@LAC,LV,LAC,,,,,,WR/FLEX
134251-156523,RB,Carson,Carson Steele,Steele,,0,4000,PHI@TEN,PHI,TEN,,,,,,RB/FLEX
134251-120684,WR,Garrett,Garrett Greene,Greene,,0,4000,CLE@TB,TB,CLE,,,,,,WR/FLEX
134251-147315,WR,Jayden,Jayden Higgins,Higgins,6.489473844829359,19,4000,CIN@HOU,HOU,CIN,IR,Knee - acl,,,,WR/FLEX
134251-119672,RB,Kendall,Kendall Milton,Milton,0.20000000298023224,1,4000,CIN@HOU,CIN,HOU,,,,,,RB/FLEX
134251-157579,TE,Rocco,Rocco Underwood,Underwood,,0,4000,PHI@TEN,PHI,TEN,,,,,,TE/FLEX
134251-23435,TE,Andrew,Andrew DePaola,DePaola,0,1,4000,MIN@CHI,MIN,CHI,,,,,,TE/FLEX
134251-94094,TE,Brevin,Brevin Jordan,Jordan,,0,4000,CIN@HOU,HOU,CIN,,,,,,TE/FLEX
134251-128913,WR,Malachi,Malachi Corley,Corley,0,1,4000,CLE@TB,CLE,TB,,,,,,WR/FLEX
134251-64403,WR,Irvin,Irvin Charles,Charles,,0,4000,SEA@ARI,SEA,ARI,IR,Undisclosed,,,,WR/FLEX
134251-128920,RB,Noah,Noah Whittington,Whittington,,0,4000,CIN@HOU,HOU,CIN,,,,,,RB/FLEX
134251-28570,TE,Nick,Nick Vannett,Vannett,,0,4000,NO@BAL,BAL,NO,,,,,,TE/FLEX
134251-176025,WR,Noah,Noah Thomas,Thomas,,0,4000,CIN@HOU,CIN,HOU,,,,,,WR/FLEX
134251-114591,TE,William,William Wagner,Wagner,,0,4000,CIN@HOU,CIN,HOU,,,,,,TE/FLEX
134251-137122,RB,Tahj,Tahj Brooks,Brooks,0,1,4000,CIN@HOU,CIN,HOU,,,,,,RB/FLEX
134251-159649,RB,DJ,DJ Herman,Herman,,0,4000,MIA@SF,MIA,SF,,,,,,RB/FLEX
134251-119718,RB,Chip,Chip Trayanum,Trayanum,,0,4000,GB@NYJ,NYJ,GB,IR,Neck,,,,RB/FLEX
134251-184229,WR,Kole,Kole Wilson,Wilson,,0,4000,CLE@TB,CLE,TB,,,,,,WR/FLEX
134251-119722,WR,Johnny,Johnny Wilson,Wilson,,0,4000,PHI@TEN,PHI,TEN,IR,Knee,,,,WR/FLEX
134251-91055,WR,Kevin,Kevin Austin Jr.,Austin Jr.,5.3,5,4000,NO@BAL,NO,BAL,,,,,,WR/FLEX
134251-137139,WR,Myles,Myles Price,Price,0,1,4000,MIN@CHI,MIN,CHI,,,,,,WR/FLEX
134251-138164,TE,Patrick,Patrick Gurd,Gurd,,0,4000,LV@LAC,LV,LAC,,,,,,TE/FLEX
134251-156596,RB,Jarquez,Jarquez Hunter,Hunter,0,1,4000,MIA@SF,MIA,SF,,,,,,RB/FLEX
134251-136155,WR,Trayvon,Trayvon Rudolph,Rudolph,,0,4000,MIN@CHI,MIN,CHI,,,,,,WR/FLEX
134251-152540,TE,CJ,CJ Dippre,Dippre,,0,4000,CLE@TB,TB,CLE,,,,,,TE/FLEX
134251-93150,WR,Jake,Jake Bobo,Bobo,1.9000000272478377,7,4000,SEA@ARI,SEA,ARI,IR,Knee,,,,WR/FLEX
134251-85986,TE,James,James Mitchell,Mitchell,1.433333396911621,3,4000,WAS@DAL,DAL,WAS,,,,,,TE/FLEX
134251-104424,RB,Craig,Craig Reynolds,Reynolds,9.59999974568685,3,4000,WAS@DAL,WAS,DAL,,,,,,RB/FLEX
134251-178158,WR,Colbie,Colbie Young,Young,,0,4000,CIN@HOU,CIN,HOU,,,,,,WR/FLEX
134251-138220,WR,Montorie,Montorie Foster Jr.,Foster Jr.,0,1,4000,SEA@ARI,SEA,ARI,,,,,,WR/FLEX
134251-138221,WR,Ricky,Ricky White III,White III,,0,4000,SEA@ARI,SEA,ARI,,,,,,WR/FLEX
134251-155629,TE,Khalil,Khalil Dinkins,Dinkins,,0,4000,MIA@SF,SF,MIA,,,,,,TE/FLEX
134251-96254,TE,Nick,Nick Muse,Muse,0,1,4000,CAR@ATL,ATL,CAR,,,,,,TE/FLEX
134251-12554,D,Jacksonville,Jacksonville Jaguars,Jaguars,13,1,3900,JAC@DEN,JAC,DEN,,,,,,DEF
134251-12540,D,Minnesota,Minnesota Vikings,Vikings,8,1,3800,MIN@CHI,MIN,CHI,,,,,,DEF
134251-12527,D,Chicago,Chicago Bears,Bears,6,1,3700,MIN@CHI,CHI,MIN,,,,,,DEF
134251-12530,D,Dallas,Dallas Cowboys,Cowboys,3,1,3600,WAS@DAL,DAL,WAS,,,,,,DEF
134251-12528,D,Cincinnati,Cincinnati Bengals,Bengals,18,1,3500,CIN@HOU,CIN,HOU,,,,,,DEF
134251-12525,D,Atlanta,Atlanta Falcons,Falcons,5,1,3400,CAR@ATL,ATL,CAR,,,,,,DEF
134251-12537,D,Las Vegas,Las Vegas Raiders,Raiders,13,1,3400,LV@LAC,LV,LAC,,,,,,DEF
134251-12552,D,Washington,Washington Commanders,Commanders,3,1,3300,WAS@DAL,WAS,DAL,,,,,,DEF
134251-12553,D,Carolina,Carolina Panthers,Panthers,0,1,3300,CAR@ATL,CAR,ATL,,,,,,DEF
134251-12529,D,Cleveland,Cleveland Browns,Browns,0,1,3200,CLE@TB,CLE,TB,,,,,,DEF
134251-12546,D,Arizona,Arizona Cardinals,Cardinals,10,1,3200,SEA@ARI,ARI,SEA,,,,,,DEF
134251-12542,D,New Orleans,New Orleans Saints,Saints,2,1,3100,NO@BAL,NO,BAL,,,,,,DEF
134251-12544,D,New York,New York Jets,Jets,9,1,3100,GB@NYJ,NYJ,GB,,,,,,DEF
134251-12534,D,Tennessee,Tennessee Titans,Titans,0,1,3000,PHI@TEN,TEN,PHI,,,,,,DEF
134251-12539,D,Miami,Miami Dolphins,Dolphins,4,1,3000,MIA@SF,MIA,SF,,,,,,DEF