player,team,position,week,targets,target_share,targets_avg,targets_total,source,asof
Trey McBride,ARI,TE,1,13,0.35,13.0,13,lineups,2026-09-16
Kendrick Bourne,ARI,WR,1,8,0.22,8.0,8,lineups,2026-09-16
Marvin Harrison Jr.,ARI,WR,1,3,0.08,3.0,3,lineups,2026-09-16
Michael Wilson,ARI,WR,1,7,0.19,7.0,7,lineups,2026-09-16
Kyle Pitts Sr.,ATL,TE,1,1,0.05,1.0,1,lineups,2026-09-16
Drake London,ATL,WR,1,4,0.18,4.0,4,lineups,2026-09-16
Jahan Dotson,ATL,WR,1,3,0.14,3.0,3,lineups,2026-09-16
Olamide Zaccheaus,ATL,WR,1,1,0.05,1.0,1,lineups,2026-09-16
Durham Smythe,BAL,TE,1,1,0.04,1.0,1,lineups,2026-09-16
Mark Andrews,BAL,TE,1,6,0.24,6.0,6,lineups,2026-09-16
Matt Hibner,BAL,TE,1,1,0.04,1.0,1,lineups,2026-09-16
Chris Moore,BAL,WR,1,2,0.08,2.0,2,lineups,2026-09-16
Ja'Kobi Lane,BAL,WR,1,3,0.12,3.0,3,lineups,2026-09-16
LaJohntay Wester,BAL,WR,1,2,0.08,2.0,2,lineups,2026-09-16
Rashod Bateman,BAL,WR,1,1,0.04,1.0,1,lineups,2026-09-16
Zay Flowers,BAL,WR,1,6,0.24,6.0,6,lineups,2026-09-16
Dalton Kincaid,BUF,TE,1,6,0.21,6.0,6,lineups,2026-09-16
Dawson Knox,BUF,TE,1,1,0.03,1.0,1,lineups,2026-09-16
DJ Moore,BUF,WR,1,8,0.28,8.0,8,lineups,2026-09-16
Joshua Palmer,BUF,WR,1,2,0.07,2.0,2,lineups,2026-09-16
Keon Coleman,BUF,WR,1,1,0.03,1.0,1,lineups,2026-09-16
Khalil Shakir,BUF,WR,1,6,0.21,6.0,6,lineups,2026-09-16
Darren Waller,CAR,TE,1,2,0.05,2.0,2,lineups,2026-09-16
Mitchell Evans,CAR,TE,1,2,0.05,2.0,2,lineups,2026-09-16
Tommy Tremble,CAR,TE,1,5,0.13,5.0,5,lineups,2026-09-16
Jalen Coker,CAR,WR,1,9,0.24,9.0,9,lineups,2026-09-16
Jimmy Horn Jr.,CAR,WR,1,1,0.03,1.0,1,lineups,2026-09-16
Tetairoa McMillan,CAR,WR,1,8,0.21,8.0,8,lineups,2026-09-16
Xavier Legette,CAR,WR,1,2,0.05,2.0,2,lineups,2026-09-16
Cole Kmet,CHI,TE,1,3,0.1,3.0,3,lineups,2026-09-16
Colston Loveland,CHI,TE,1,2,0.07,2.0,2,lineups,2026-09-16
Jahdae Walker,CHI,WR,1,1,0.03,1.0,1,lineups,2026-09-16
Kalif Raymond,CHI,WR,1,9,0.31,9.0,9,lineups,2026-09-16
Luther Burden III,CHI,WR,1,5,0.17,5.0,5,lineups,2026-09-16
Rome Odunze,CHI,WR,1,3,0.1,3.0,3,lineups,2026-09-16
Drew Sample,CIN,TE,1,3,0.09,3.0,3,lineups,2026-09-16
Mike Gesicki,CIN,TE,1,7,0.2,7.0,7,lineups,2026-09-16
Tanner Hudson,CIN,TE,1,1,0.03,1.0,1,lineups,2026-09-16
Andrei Iosivas,CIN,WR,1,3,0.09,3.0,3,lineups,2026-09-16
Dohnte Meyers,CIN,WR,1,1,0.03,1.0,1,lineups,2026-09-16
Ja'Marr Chase,CIN,WR,1,4,0.11,4.0,4,lineups,2026-09-16
Tee Higgins,CIN,WR,1,6,0.17,6.0,6,lineups,2026-09-16
Blake Whiteheart,CLE,TE,1,1,0.05,1.0,1,lineups,2026-09-16
Harold Fannin Jr.,CLE,TE,1,3,0.14,3.0,3,lineups,2026-09-16
Denzel Boston,CLE,WR,1,4,0.18,4.0,4,lineups,2026-09-16
Jerry Jeudy,CLE,WR,1,4,0.18,4.0,4,lineups,2026-09-16
KC Concepcion Jr.,CLE,WR,1,5,0.23,5.0,5,lineups,2026-09-16
Brevyn Spann-Ford,DAL,TE,1,2,0.06,2.0,2,lineups,2026-09-16
Jake Ferguson,DAL,TE,1,2,0.06,2.0,2,lineups,2026-09-16
Luke Schoonmaker,DAL,TE,1,1,0.03,1.0,1,lineups,2026-09-16
CeeDee Lamb,DAL,WR,1,8,0.24,8.0,8,lineups,2026-09-16
George Pickens,DAL,WR,1,6,0.18,6.0,6,lineups,2026-09-16
Jonathan Mingo,DAL,WR,1,1,0.03,1.0,1,lineups,2026-09-16
KaVontae Turpin,DAL,WR,1,1,0.03,1.0,1,lineups,2026-09-16
Ryan Flournoy,DAL,WR,1,4,0.12,4.0,4,lineups,2026-09-16
Adam Trautman,DEN,TE,1,3,0.11,3.0,3,lineups,2026-09-16
Evan Engram,DEN,TE,1,5,0.18,5.0,5,lineups,2026-09-16
Courtland Sutton,DEN,WR,1,5,0.18,5.0,5,lineups,2026-09-16
Jaylen Waddle,DEN,WR,1,3,0.11,3.0,3,lineups,2026-09-16
Pat Bryant,DEN,WR,1,6,0.21,6.0,6,lineups,2026-09-16
Troy Franklin,DEN,WR,1,1,0.04,1.0,1,lineups,2026-09-16
Brock Wright,DET,TE,1,1,0.03,1.0,1,lineups,2026-09-16
Sam LaPorta,DET,TE,1,8,0.21,8.0,8,lineups,2026-09-16
Amon-Ra St. Brown,DET,WR,1,14,0.36,14.0,14,lineups,2026-09-16
Isaac TeSlaa,DET,WR,1,1,0.03,1.0,1,lineups,2026-09-16
Jameson Williams,DET,WR,1,9,0.23,9.0,9,lineups,2026-09-16
Jonnu Smith,GB,TE,1,3,0.07,3.0,3,lineups,2026-09-16
Tucker Kraft,GB,TE,1,6,0.14,6.0,6,lineups,2026-09-16
Bo Melton,GB,WR,1,1,0.02,1.0,1,lineups,2026-09-16
Christian Watson,GB,WR,1,8,0.19,8.0,8,lineups,2026-09-16
Jayden Reed,GB,WR,1,7,0.17,7.0,7,lineups,2026-09-16
Matthew Golden,GB,WR,1,12,0.29,12.0,12,lineups,2026-09-16
Skyy Moore,GB,WR,1,1,0.02,1.0,1,lineups,2026-09-16
Cade Stover,HOU,TE,1,1,0.03,1.0,1,lineups,2026-09-16
Dalton Schultz,HOU,TE,1,8,0.21,8.0,8,lineups,2026-09-16
Foster Moreau,HOU,TE,1,2,0.05,2.0,2,lineups,2026-09-16
Marlin Klein,HOU,TE,1,1,0.03,1.0,1,lineups,2026-09-16
Jared Wayne,HOU,WR,1,1,0.03,1.0,1,lineups,2026-09-16
Jaylin Noel,HOU,WR,1,2,0.05,2.0,2,lineups,2026-09-16
Kayshon Boutte,HOU,WR,1,2,0.05,2.0,2,lineups,2026-09-16
Nico Collins,HOU,WR,1,10,0.26,10.0,10,lineups,2026-09-16
Xavier Hutchinson,HOU,WR,1,6,0.16,6.0,6,lineups,2026-09-16
Drew Ogletree,IND,TE,1,1,0.03,1.0,1,lineups,2026-09-16
Tyler Warren,IND,TE,1,5,0.16,5.0,5,lineups,2026-09-16
Alec Pierce,IND,WR,1,6,0.19,6.0,6,lineups,2026-09-16
Ashton Dulin,IND,WR,1,1,0.03,1.0,1,lineups,2026-09-16
Josh Downs,IND,WR,1,4,0.13,4.0,4,lineups,2026-09-16
Keenan Allen,IND,WR,1,6,0.19,6.0,6,lineups,2026-09-16
Laquon Treadwell,IND,WR,1,1,0.03,1.0,1,lineups,2026-09-16
Brenton Strange,JAC,TE,1,3,0.13,3.0,3,lineups,2026-09-16
Nate Boerkircher,JAC,TE,1,1,0.04,1.0,1,lineups,2026-09-16
Quintin Morris,JAC,TE,1,1,0.04,1.0,1,lineups,2026-09-16
Brian Thomas Jr.,JAC,WR,1,3,0.13,3.0,3,lineups,2026-09-16
Jakobi Meyers,JAC,WR,1,2,0.09,2.0,2,lineups,2026-09-16
Josh Cameron,JAC,WR,1,2,0.09,2.0,2,lineups,2026-09-16
Parker Washington,JAC,WR,1,6,0.26,6.0,6,lineups,2026-09-16
Travis Hunter,JAC,WR,1,1,0.04,1.0,1,lineups,2026-09-16
Jake Briningstool,KC,TE,1,1,0.04,1.0,1,lineups,2026-09-16
Noah Gray,KC,TE,1,1,0.04,1.0,1,lineups,2026-09-16
Travis Kelce,KC,TE,1,5,0.19,5.0,5,lineups,2026-09-16
Cyrus Allen,KC,WR,1,1,0.04,1.0,1,lineups,2026-09-16
Rashee Rice,KC,WR,1,2,0.07,2.0,2,lineups,2026-09-16
Tyquan Thornton,KC,WR,1,1,0.04,1.0,1,lineups,2026-09-16
Xavier Worthy,KC,WR,1,6,0.22,6.0,6,lineups,2026-09-16
David Njoku,LAC,TE,1,5,0.19,5.0,5,lineups,2026-09-16
Oronde Gadsden,LAC,TE,1,2,0.07,2.0,2,lineups,2026-09-16
Derius Davis,LAC,WR,1,1,0.04,1.0,1,lineups,2026-09-16
Ladd McConkey,LAC,WR,1,7,0.26,7.0,7,lineups,2026-09-16
Quentin Johnston,LAC,WR,1,6,0.22,6.0,6,lineups,2026-09-16
Tre' Harris,LAC,WR,1,6,0.22,6.0,6,lineups,2026-09-16
Colby Parkinson,LAR,TE,1,2,0.07,2.0,2,lineups,2026-09-16
Davis Allen,LAR,TE,1,1,0.04,1.0,1,lineups,2026-09-16
Terrance Ferguson,LAR,TE,1,1,0.04,1.0,1,lineups,2026-09-16
Tyler Higbee,LAR,TE,1,2,0.07,2.0,2,lineups,2026-09-16
Davante Adams,LAR,WR,1,6,0.21,6.0,6,lineups,2026-09-16
Jordan Whittington,LAR,WR,1,1,0.04,1.0,1,lineups,2026-09-16
Konata Mumpfield,LAR,WR,1,1,0.04,1.0,1,lineups,2026-09-16
Puka Nacua,LAR,WR,1,9,0.32,9.0,9,lineups,2026-09-16
Michael Mayer,LV,TE,1,7,0.23,7.0,7,lineups,2026-09-16
Cody White,LV,WR,1,1,0.03,1.0,1,lineups,2026-09-16
Jack Bech,LV,WR,1,4,0.13,4.0,4,lineups,2026-09-16
Jalen Nailor,LV,WR,1,5,0.17,5.0,5,lineups,2026-09-16
Malik Benson,LV,WR,1,2,0.07,2.0,2,lineups,2026-09-16
Tre Tucker,LV,WR,1,4,0.13,4.0,4,lineups,2026-09-16
Greg Dulcich,MIA,TE,1,2,0.07,2.0,2,lineups,2026-09-16
Will Kacmarek,MIA,TE,1,1,0.04,1.0,1,lineups,2026-09-16
Caleb Douglas,MIA,WR,1,7,0.26,7.0,7,lineups,2026-09-16
Chris Bell,MIA,WR,1,2,0.07,2.0,2,lineups,2026-09-16
Kevin Coleman Jr.,MIA,WR,1,2,0.07,2.0,2,lineups,2026-09-16
Malik Washington,MIA,WR,1,8,0.3,8.0,8,lineups,2026-09-16
Josh Oliver,MIN,TE,1,4,0.17,4.0,4,lineups,2026-09-16
T.J. Hockenson,MIN,TE,1,5,0.21,5.0,5,lineups,2026-09-16
Jauan Jennings,MIN,WR,1,1,0.04,1.0,1,lineups,2026-09-16
Jordan Addison,MIN,WR,1,2,0.08,2.0,2,lineups,2026-09-16
Justin Jefferson,MIN,WR,1,9,0.38,9.0,9,lineups,2026-09-16
Eli Raridon,NE,TE,1,1,0.03,1.0,1,lineups,2026-09-16
Hunter Henry,NE,TE,1,3,0.09,3.0,3,lineups,2026-09-16
A.J. Brown,NE,WR,1,4,0.12,4.0,4,lineups,2026-09-16
DeMario Douglas,NE,WR,1,7,0.21,7.0,7,lineups,2026-09-16
Mack Hollins,NE,WR,1,5,0.15,5.0,5,lineups,2026-09-16
Romeo Doubs,NE,WR,1,3,0.09,3.0,3,lineups,2026-09-16
Juwan Johnson,NO,TE,1,7,0.12,7.0,7,lineups,2026-09-16
Noah Fant,NO,TE,1,8,0.14,8.0,8,lineups,2026-09-16
Bryce Lance,NO,WR,1,4,0.07,4.0,4,lineups,2026-09-16
Chris Olave,NO,WR,1,13,0.23,13.0,13,lineups,2026-09-16
Devaughn Vele,NO,WR,1,9,0.16,9.0,9,lineups,2026-09-16
Isaiah Likely,NYG,TE,1,8,0.28,8.0,8,lineups,2026-09-16
Theo Johnson,NYG,TE,1,1,0.03,1.0,1,lineups,2026-09-16
Darnell Mooney,NYG,WR,1,2,0.07,2.0,2,lineups,2026-09-16
Malachi Fields,NYG,WR,1,4,0.14,4.0,4,lineups,2026-09-16
Malik Nabers,NYG,WR,1,9,0.31,9.0,9,lineups,2026-09-16
Jeremy Ruckert,NYJ,TE,1,1,0.04,1.0,1,lineups,2026-09-16
Kenyon Sadiq,NYJ,TE,1,3,0.12,3.0,3,lineups,2026-09-16
Mason Taylor,NYJ,TE,1,3,0.12,3.0,3,lineups,2026-09-16
Adonai Mitchell,NYJ,WR,1,3,0.12,3.0,3,lineups,2026-09-16
Arian Smith,NYJ,WR,1,1,0.04,1.0,1,lineups,2026-09-16
Garrett Wilson,NYJ,WR,1,7,0.29,7.0,7,lineups,2026-09-16
Isaiah Williams,NYJ,WR,1,1,0.04,1.0,1,lineups,2026-09-16
Omar Cooper Jr.,NYJ,WR,1,1,0.04,1.0,1,lineups,2026-09-16
Dallas Goedert,PHI,TE,1,5,0.2,5.0,5,lineups,2026-09-16
DeVonta Smith,PHI,WR,1,6,0.24,6.0,6,lineups,2026-09-16
Dontayvion Wicks,PHI,WR,1,4,0.16,4.0,4,lineups,2026-09-16
Makai Lemon,PHI,WR,1,4,0.16,4.0,4,lineups,2026-09-16
Darnell Washington,PIT,TE,1,2,0.05,2.0,2,lineups,2026-09-16
Pat Freiermuth,PIT,TE,1,5,0.12,5.0,5,lineups,2026-09-16
DK Metcalf,PIT,WR,1,10,0.24,10.0,10,lineups,2026-09-16
Michael Pittman Jr.,PIT,WR,1,3,0.07,3.0,3,lineups,2026-09-16
Roman Wilson,PIT,WR,1,6,0.15,6.0,6,lineups,2026-09-16
AJ Barner,SEA,TE,1,2,0.08,2.0,2,lineups,2026-09-16
Cooper Kupp,SEA,WR,1,3,0.12,3.0,3,lineups,2026-09-16
Jaxon Smith-Njigba,SEA,WR,1,11,0.46,11.0,11,lineups,2026-09-16
Rashid Shaheed,SEA,WR,1,3,0.12,3.0,3,lineups,2026-09-16
George Kittle,SF,TE,1,5,0.15,5.0,5,lineups,2026-09-16
Luke Farrell,SF,TE,1,2,0.06,2.0,2,lineups,2026-09-16
Deebo Samuel Sr.,SF,WR,1,7,0.21,7.0,7,lineups,2026-09-16
Demarcus Robinson,SF,WR,1,3,0.09,3.0,3,lineups,2026-09-16
Mike Evans,SF,WR,1,7,0.21,7.0,7,lineups,2026-09-16
Cade Otton,TB,TE,1,5,0.18,5.0,5,lineups,2026-09-16
Chris Godwin Jr.,TB,WR,1,4,0.14,4.0,4,lineups,2026-09-16
Emeka Egbuka,TB,WR,1,6,0.21,6.0,6,lineups,2026-09-16
Ted Hurst III,TB,WR,1,3,0.11,3.0,3,lineups,2026-09-16
Tez Johnson,TB,WR,1,1,0.04,1.0,1,lineups,2026-09-16
Daniel Bellinger,TEN,TE,1,1,0.03,1.0,1,lineups,2026-09-16
Gunnar Helm,TEN,TE,1,5,0.16,5.0,5,lineups,2026-09-16
Carnell Tate,TEN,WR,1,6,0.19,6.0,6,lineups,2026-09-16
Chimere Dike,TEN,WR,1,1,0.03,1.0,1,lineups,2026-09-16
Elic Ayomanor,TEN,WR,1,3,0.09,3.0,3,lineups,2026-09-16
Wan'Dale Robinson,TEN,WR,1,6,0.19,6.0,6,lineups,2026-09-16
Chig Okonkwo,WAS,TE,1,3,0.09,3.0,3,lineups,2026-09-16
John Bates,WAS,TE,1,3,0.09,3.0,3,lineups,2026-09-16
Antonio Williams,WAS,WR,1,4,0.12,4.0,4,lineups,2026-09-16
Dyami Brown,WAS,WR,1,2,0.06,2.0,2,lineups,2026-09-16
Jaylin Lane,WAS,WR,1,1,0.03,1.0,1,lineups,2026-09-16
Stefon Diggs,WAS,WR,1,9,0.26,9.0,9,lineups,2026-09-16
Terry McLaurin,WAS,WR,1,4,0.12,4.0,4,lineups,2026-09-16
