team,pos,rank,name,source_url,fetched_at
ARIZ,QB,1,Noah Fifita,https://www.ourlads.com/ncaa-football-depth-charts/depth-chart.aspx,2026-09-13T13:37:43.198062+00:00
ARIZ,QB,2,Sawyer Anderson,https://www.ourlads.com/ncaa-football-depth-charts/depth-chart.aspx,2026-09-13T13:37:43.198062+00:00
ARIZ,QB,3,Luke Haugo,https://www.ourlads.com/ncaa-football-depth-charts/depth-chart.aspx,2026-09-13T13:37:43.198062+00:00
ARIZ,RB,1,Ismail Mahdi,https://www.ourlads.com/ncaa-football-depth-charts/depth-chart.aspx,2026-09-13T13:37:43.198062+00:00
ARIZ,RB,2,Kedrick Reescano,https://www.ourlads.com/ncaa-football-depth-charts/depth-chart.aspx,2026-09-13T13:37:43.198062+00:00
ARIZ,RB,3,Quincy Craig,https://www.ourlads.com/ncaa-football-depth-charts/depth-chart.aspx,2026-09-13T13:37:43.198062+00:00
ARIZ,TE,1,Cole Rusk,https://www.ourlads.com/ncaa-football-depth-charts/depth-chart.aspx,2026-09-13T13:37:43.198062+00:00
ARIZ,TE,2,Tyler Powell,https://www.ourlads.com/ncaa-football-depth-charts/depth-chart.aspx,2026-09-13T13:37:43.198062+00:00
ARIZ,TE,3,Arthur Ban,https://www.ourlads.com/ncaa-football-depth-charts/depth-chart.aspx,2026-09-13T13:37:43.198062+00:00
ARIZ,WR,1,Chris Hunter III,https://www.ourlads.com/ncaa-football-depth-charts/depth-chart.aspx,2026-09-13T13:37:43.198062+00:00
ARIZ,WR,1,Giovanni Richardson,https://www.ourlads.com/ncaa-football-depth-charts/depth-chart.aspx,2026-09-13T13:37:43.198062+00:00
ARIZ,WR,1,Tré Spivey,https://www.ourlads.com/ncaa-football-depth-charts/depth-chart.aspx,2026-09-13T13:37:43.198062+00:00
ARIZ,WR,2,Brandon Phelps,https://www.ourlads.com/ncaa-football-depth-charts/depth-chart.aspx,2026-09-13T13:37:43.198062+00:00
ARIZ,WR,2,Isaiah Mizell,https://www.ourlads.com/ncaa-football-depth-charts/depth-chart.aspx,2026-09-13T13:37:43.198062+00:00
ARIZ,WR,2,Rodney Gallagher III,https://www.ourlads.com/ncaa-football-depth-charts/depth-chart.aspx,2026-09-13T13:37:43.198062+00:00
ARIZ,WR,3,Caleb Smith,https://www.ourlads.com/ncaa-football-depth-charts/depth-chart.aspx,2026-09-13T13:37:43.198062+00:00
ARIZ,WR,3,DJ Jordan,https://www.ourlads.com/ncaa-football-depth-charts/depth-chart.aspx,2026-09-13T13:37:43.198062+00:00
ARIZ,WR,3,R.J. Mosley,https://www.ourlads.com/ncaa-football-depth-charts/depth-chart.aspx,2026-09-13T13:37:43.198062+00:00
ASU,QB,1,Cutter Boley,https://www.ourlads.com/ncaa-football-depth-charts/depth-chart.aspx,2026-09-13T13:37:43.198062+00:00
ASU,QB,2,Mikey Keene,https://www.ourlads.com/ncaa-football-depth-charts/depth-chart.aspx,2026-09-13T13:37:43.198062+00:00
ASU,QB,3,Jake Fette,https://www.ourlads.com/ncaa-football-depth-charts/depth-chart.aspx,2026-09-13T13:37:43.198062+00:00
ASU,RB,1,Kyson Brown,https://www.ourlads.com/ncaa-football-depth-charts/depth-chart.aspx,2026-09-13T13:37:43.198062+00:00
ASU,RB,2,Marquis Gillis,https://www.ourlads.com/ncaa-football-depth-charts/depth-chart.aspx,2026-09-13T13:37:43.198062+00:00
ASU,RB,3,Grayson Rigdon,https://www.ourlads.com/ncaa-football-depth-charts/depth-chart.aspx,2026-09-13T13:37:43.198062+00:00
ASU,TE,1,Khamari Anderson,https://www.ourlads.com/ncaa-football-depth-charts/depth-chart.aspx,2026-09-13T13:37:43.198062+00:00
ASU,TE,2,AJ Ia,https://www.ourlads.com/ncaa-football-depth-charts/depth-chart.aspx,2026-09-13T13:37:43.198062+00:00
ASU,TE,3,Anthony Miller,https://www.ourlads.com/ncaa-football-depth-charts/depth-chart.aspx,2026-09-13T13:37:43.198062+00:00
ASU,WR,1,Jalen Moss,https://www.ourlads.com/ncaa-football-depth-charts/depth-chart.aspx,2026-09-13T13:37:43.198062+00:00
ASU,WR,1,Omarion Miller,https://www.ourlads.com/ncaa-football-depth-charts/depth-chart.aspx,2026-09-13T13:37:43.198062+00:00
ASU,WR,1,Reed Harris,https://www.ourlads.com/ncaa-football-depth-charts/depth-chart.aspx,2026-09-13T13:37:43.198062+00:00
ASU,WR,2,Jaren Hamilton,https://www.ourlads.com/ncaa-football-depth-charts/depth-chart.aspx,2026-09-13T13:37:43.198062+00:00
ASU,WR,2,Raiden Vines-Bright,https://www.ourlads.com/ncaa-football-depth-charts/depth-chart.aspx,2026-09-13T13:37:43.198062+00:00
ASU,WR,2,Uriah Neloms,https://www.ourlads.com/ncaa-football-depth-charts/depth-chart.aspx,2026-09-13T13:37:43.198062+00:00
ASU,WR,3,Cory Butler Jr.,https://www.ourlads.com/ncaa-football-depth-charts/depth-chart.aspx,2026-09-13T13:37:43.198062+00:00
ASU,WR,3,Michael Tollefson,https://www.ourlads.com/ncaa-football-depth-charts/depth-chart.aspx,2026-09-13T13:37:43.198062+00:00
ASU,WR,3,Plas Johnson,https://www.ourlads.com/ncaa-football-depth-charts/depth-chart.aspx,2026-09-13T13:37:43.198062+00:00
BAMA,QB,1,Keelon Russell,https://www.ourlads.com/ncaa-football-depth-charts/depth-chart.aspx,2026-09-13T13:37:43.198062+00:00
BAMA,QB,2,Austin Mack,https://www.ourlads.com/ncaa-football-depth-charts/depth-chart.aspx,2026-09-13T13:37:43.198062+00:00
BAMA,QB,3,Jett Thomalla,https://www.ourlads.com/ncaa-football-depth-charts/depth-chart.aspx,2026-09-13T13:37:43.198062+00:00
BAMA,RB,1,Daniel Hill,https://www.ourlads.com/ncaa-football-depth-charts/depth-chart.aspx,2026-09-13T13:37:43.198062+00:00
BAMA,RB,2,Kevin Riley,https://www.ourlads.com/ncaa-football-depth-charts/depth-chart.aspx,2026-09-13T13:37:43.198062+00:00
BAMA,RB,3,EJ Crowell,https://www.ourlads.com/ncaa-football-depth-charts/depth-chart.aspx,2026-09-13T13:37:43.198062+00:00
BAMA,TE,1,Kaleb Edwards,https://www.ourlads.com/ncaa-football-depth-charts/depth-chart.aspx,2026-09-13T13:37:43.198062+00:00
BAMA,TE,1,Marshall Pritchett,https://www.ourlads.com/ncaa-football-depth-charts/depth-chart.aspx,2026-09-13T13:37:43.198062+00:00
BAMA,TE,2,Jay Lindsey,https://www.ourlads.com/ncaa-football-depth-charts/depth-chart.aspx,2026-09-13T13:37:43.198062+00:00
BAMA,TE,2,Josh Ford,https://www.ourlads.com/ncaa-football-depth-charts/depth-chart.aspx,2026-09-13T13:37:43.198062+00:00
BAMA,TE,3,Danny Lewis Jr.,https://www.ourlads.com/ncaa-football-depth-charts/depth-chart.aspx,2026-09-13T13:37:43.198062+00:00
BAMA,TE,3,Mack Sutter,https://www.ourlads.com/ncaa-football-depth-charts/depth-chart.aspx,2026-09-13T13:37:43.198062+00:00
BAMA,WR,1,Lotzeir Brooks,https://www.ourlads.com/ncaa-football-depth-charts/depth-chart.aspx,2026-09-13T13:37:43.198062+00:00
BAMA,WR,1,Rico Scott,https://www.ourlads.com/ncaa-football-depth-charts/depth-chart.aspx,2026-09-13T13:37:43.198062+00:00
BAMA,WR,1,Ryan Coleman-Williams,https://www.ourlads.com/ncaa-football-depth-charts/depth-chart.aspx,2026-09-13T13:37:43.198062+00:00
BAMA,WR,2,Cederian Morgan,https://www.ourlads.com/ncaa-football-depth-charts/depth-chart.aspx,2026-09-13T13:37:43.198062+00:00
BAMA,WR,2,Derek Meadows,https://www.ourlads.com/ncaa-football-depth-charts/depth-chart.aspx,2026-09-13T13:37:43.198062+00:00
BAMA,WR,2,Tyler Henderson,https://www.ourlads.com/ncaa-football-depth-charts/depth-chart.aspx,2026-09-13T13:37:43.198062+00:00
BYU,QB,1,Bear Bachmeier,https://www.ourlads.com/ncaa-football-depth-charts/depth-chart.aspx,2026-09-13T13:37:43.198062+00:00
BYU,QB,2,Treyson Bourguet,https://www.ourlads.com/ncaa-football-depth-charts/depth-chart.aspx,2026-09-13T13:37:43.198062+00:00
BYU,QB,3,Enoch Watson,https://www.ourlads.com/ncaa-football-depth-charts/depth-chart.aspx,2026-09-13T13:37:43.198062+00:00
BYU,RB,1,LJ Martin,https://www.ourlads.com/ncaa-football-depth-charts/depth-chart.aspx,2026-09-13T13:37:43.198062+00:00
BYU,RB,2,Sione Moa,https://www.ourlads.com/ncaa-football-depth-charts/depth-chart.aspx,2026-09-13T13:37:43.198062+00:00
BYU,RB,3,Preston Rex,https://www.ourlads.com/ncaa-football-depth-charts/depth-chart.aspx,2026-09-13T13:37:43.198062+00:00
BYU,TE,1,Walker Lyons,https://www.ourlads.com/ncaa-football-depth-charts/depth-chart.aspx,2026-09-13T13:37:43.198062+00:00
BYU,TE,2,Roger Saleapaga II,https://www.ourlads.com/ncaa-football-depth-charts/depth-chart.aspx,2026-09-13T13:37:43.198062+00:00
BYU,TE,3,Keayen Nead,https://www.ourlads.com/ncaa-football-depth-charts/depth-chart.aspx,2026-09-13T13:37:43.198062+00:00
BYU,WR,1,Jojo Phillips,https://www.ourlads.com/ncaa-football-depth-charts/depth-chart.aspx,2026-09-13T13:37:43.198062+00:00
BYU,WR,1,Kyler Kasper,https://www.ourlads.com/ncaa-football-depth-charts/depth-chart.aspx,2026-09-13T13:37:43.198062+00:00
BYU,WR,1,Legend Glasker,https://www.ourlads.com/ncaa-football-depth-charts/depth-chart.aspx,2026-09-13T13:37:43.198062+00:00
BYU,WR,2,Reggie Frischknecht,https://www.ourlads.com/ncaa-football-depth-charts/depth-chart.aspx,2026-09-13T13:37:43.198062+00:00
BYU,WR,2,Tei Nacua,https://www.ourlads.com/ncaa-football-depth-charts/depth-chart.aspx,2026-09-13T13:37:43.198062+00:00
BYU,WR,2,Tiger Bachmeier,https://www.ourlads.com/ncaa-football-depth-charts/depth-chart.aspx,2026-09-13T13:37:43.198062+00:00
BYU,WR,3,Jaron Pula,https://www.ourlads.com/ncaa-football-depth-charts/depth-chart.aspx,2026-09-13T13:37:43.198062+00:00
BYU,WR,3,Terrance Saryon,https://www.ourlads.com/ncaa-football-depth-charts/depth-chart.aspx,2026-09-13T13:37:43.198062+00:00
CAL,QB,1,Jaron-Keawe Sagapolutele,https://www.ourlads.com/ncaa-football-depth-charts/depth-chart.aspx,2026-09-13T13:37:43.198062+00:00
CAL,QB,2,Jackson Brousseau,https://www.ourlads.com/ncaa-football-depth-charts/depth-chart.aspx,2026-09-13T13:37:43.198062+00:00
CAL,QB,3,EJ Caminong,https://www.ourlads.com/ncaa-football-depth-charts/depth-chart.aspx,2026-09-13T13:37:43.198062+00:00
CAL,RB,1,Adam Mohammed,https://www.ourlads.com/ncaa-football-depth-charts/depth-chart.aspx,2026-09-13T13:37:43.198062+00:00
CAL,RB,2,Carter Vargas,https://www.ourlads.com/ncaa-football-depth-charts/depth-chart.aspx,2026-09-13T13:37:43.198062+00:00
CAL,RB,3,Ashten Emory,https://www.ourlads.com/ncaa-football-depth-charts/depth-chart.aspx,2026-09-13T13:37:43.198062+00:00
CAL,TE,1,Mason Mini,https://www.ourlads.com/ncaa-football-depth-charts/depth-chart.aspx,2026-09-13T13:37:43.198062+00:00
CAL,TE,2,Taimane Purcell,https://www.ourlads.com/ncaa-football-depth-charts/depth-chart.aspx,2026-09-13T13:37:43.198062+00:00
CAL,TE,3,Rico Walker,https://www.ourlads.com/ncaa-football-depth-charts/depth-chart.aspx,2026-09-13T13:37:43.198062+00:00
CAL,WR,1,Chase Hendricks,https://www.ourlads.com/ncaa-football-depth-charts/depth-chart.aspx,2026-09-13T13:37:43.198062+00:00
CAL,WR,1,Cooper Perry,https://www.ourlads.com/ncaa-football-depth-charts/depth-chart.aspx,2026-09-13T13:37:43.198062+00:00
CAL,WR,1,Ian Strong,https://www.ourlads.com/ncaa-football-depth-charts/depth-chart.aspx,2026-09-13T13:37:43.198062+00:00
CAL,WR,2,Jordan King,https://www.ourlads.com/ncaa-football-depth-charts/depth-chart.aspx,2026-09-13T13:37:43.198062+00:00
CAL,WR,2,Kyion Grayes,https://www.ourlads.com/ncaa-football-depth-charts/depth-chart.aspx,2026-09-13T13:37:43.198062+00:00
CAL,WR,2,Mark Hamper,https://www.ourlads.com/ncaa-football-depth-charts/depth-chart.aspx,2026-09-13T13:37:43.198062+00:00
CAL,WR,3,Cole Boscia,https://www.ourlads.com/ncaa-football-depth-charts/depth-chart.aspx,2026-09-13T13:37:43.198062+00:00
CAL,WR,3,QuaRon Adams,https://www.ourlads.com/ncaa-football-depth-charts/depth-chart.aspx,2026-09-13T13:37:43.198062+00:00
CAL,WR,3,Trevor Rogers,https://www.ourlads.com/ncaa-football-depth-charts/depth-chart.aspx,2026-09-13T13:37:43.198062+00:00
DUKE,QB,1,Walker Eget,https://www.ourlads.com/ncaa-football-depth-charts/depth-chart.aspx,2026-09-13T13:37:43.198062+00:00
DUKE,QB,2,Dan Mahan,https://www.ourlads.com/ncaa-football-depth-charts/depth-chart.aspx,2026-09-13T13:37:43.198062+00:00
DUKE,RB,1,Nate Sheppard,https://www.ourlads.com/ncaa-football-depth-charts/depth-chart.aspx,2026-09-13T13:37:43.198062+00:00
DUKE,RB,2,CJ Campbell,https://www.ourlads.com/ncaa-football-depth-charts/depth-chart.aspx,2026-09-13T13:37:43.198062+00:00
DUKE,RB,3,Jayvian Tanelus,https://www.ourlads.com/ncaa-football-depth-charts/depth-chart.aspx,2026-09-13T13:37:43.198062+00:00
DUKE,TE,1,Jeremiah Hasley,https://www.ourlads.com/ncaa-football-depth-charts/depth-chart.aspx,2026-09-13T13:37:43.198062+00:00
DUKE,TE,2,Nate Kurisky,https://www.ourlads.com/ncaa-football-depth-charts/depth-chart.aspx,2026-09-13T13:37:43.198062+00:00
DUKE,TE,3,Jake Taylor,https://www.ourlads.com/ncaa-football-depth-charts/depth-chart.aspx,2026-09-13T13:37:43.198062+00:00
DUKE,WR,1,Jared Richardson,https://www.ourlads.com/ncaa-football-depth-charts/depth-chart.aspx,2026-09-13T13:37:43.198062+00:00
DUKE,WR,1,Javen Nicholas,https://www.ourlads.com/ncaa-football-depth-charts/depth-chart.aspx,2026-09-13T13:37:43.198062+00:00
DUKE,WR,1,Jayden Moore,https://www.ourlads.com/ncaa-football-depth-charts/depth-chart.aspx,2026-09-13T13:37:43.198062+00:00
DUKE,WR,2,Blake Rohrer,https://www.ourlads.com/ncaa-football-depth-charts/depth-chart.aspx,2026-09-13T13:37:43.198062+00:00
DUKE,WR,2,Jonah Burton,https://www.ourlads.com/ncaa-football-depth-charts/depth-chart.aspx,2026-09-13T13:37:43.198062+00:00
DUKE,WR,2,Kavon Simmons,https://www.ourlads.com/ncaa-football-depth-charts/depth-chart.aspx,2026-09-13T13:37:43.198062+00:00
DUKE,WR,3,Brody Keefe,https://www.ourlads.com/ncaa-football-depth-charts/depth-chart.aspx,2026-09-13T13:37:43.198062+00:00
DUKE,WR,3,Jaivon Solomon,https://www.ourlads.com/ncaa-football-depth-charts/depth-chart.aspx,2026-09-13T13:37:43.198062+00:00
DUKE,WR,3,Jamien Little,https://www.ourlads.com/ncaa-football-depth-charts/depth-chart.aspx,2026-09-13T13:37:43.198062+00:00
GT,QB,1,Alberto Mendoza,https://www.ourlads.com/ncaa-football-depth-charts/depth-chart.aspx,2026-09-13T13:37:43.198062+00:00
GT,QB,2,Grady Adamson,https://www.ourlads.com/ncaa-football-depth-charts/depth-chart.aspx,2026-09-13T13:37:43.198062+00:00
GT,QB,3,Graham Knowles,https://www.ourlads.com/ncaa-football-depth-charts/depth-chart.aspx,2026-09-13T13:37:43.198062+00:00
GT,RB,1,Justice Haynes,https://www.ourlads.com/ncaa-football-depth-charts/depth-chart.aspx,2026-09-13T13:37:43.198062+00:00
GT,RB,2,Malachi Hosley,https://www.ourlads.com/ncaa-football-depth-charts/depth-chart.aspx,2026-09-13T13:37:43.198062+00:00
GT,RB,3,Trelain Maddox,https://www.ourlads.com/ncaa-football-depth-charts/depth-chart.aspx,2026-09-13T13:37:43.198062+00:00
GT,TE,1,Gavin Harris,https://www.ourlads.com/ncaa-football-depth-charts/depth-chart.aspx,2026-09-13T13:37:43.198062+00:00
GT,TE,2,Chris Corbo,https://www.ourlads.com/ncaa-football-depth-charts/depth-chart.aspx,2026-09-13T13:37:43.198062+00:00
GT,TE,3,Spencer Mermans,https://www.ourlads.com/ncaa-football-depth-charts/depth-chart.aspx,2026-09-13T13:37:43.198062+00:00
GT,WR,1,Dalen Penson,https://www.ourlads.com/ncaa-football-depth-charts/depth-chart.aspx,2026-09-13T13:37:43.198062+00:00
GT,WR,1,Isaiah Fuhrmann,https://www.ourlads.com/ncaa-football-depth-charts/depth-chart.aspx,2026-09-13T13:37:43.198062+00:00
GT,WR,1,Jordan Allen,https://www.ourlads.com/ncaa-football-depth-charts/depth-chart.aspx,2026-09-13T13:37:43.198062+00:00
GT,WR,2,Coi Jean-Noel,https://www.ourlads.com/ncaa-football-depth-charts/depth-chart.aspx,2026-09-13T13:37:43.198062+00:00
GT,WR,2,Debron Gatling,https://www.ourlads.com/ncaa-football-depth-charts/depth-chart.aspx,2026-09-13T13:37:43.198062+00:00
GT,WR,2,Rahkeem Smith,https://www.ourlads.com/ncaa-football-depth-charts/depth-chart.aspx,2026-09-13T13:37:43.198062+00:00
GT,WR,3,Jaiven Plummer,https://www.ourlads.com/ncaa-football-depth-charts/depth-chart.aspx,2026-09-13T13:37:43.198062+00:00
ILL,QB,1,Katin Houser,https://www.ourlads.com/ncaa-football-depth-charts/depth-chart.aspx,2026-09-13T13:37:43.198062+00:00
ILL,QB,2,Carson Boyd,https://www.ourlads.com/ncaa-football-depth-charts/depth-chart.aspx,2026-09-13T13:37:43.198062+00:00
ILL,QB,3,Michael Clayton II,https://www.ourlads.com/ncaa-football-depth-charts/depth-chart.aspx,2026-09-13T13:37:43.198062+00:00
ILL,RB,1,Ca'Lil Valentine,https://www.ourlads.com/ncaa-football-depth-charts/depth-chart.aspx,2026-09-13T13:37:43.198062+00:00
ILL,RB,2,Aidan Laughery,https://www.ourlads.com/ncaa-football-depth-charts/depth-chart.aspx,2026-09-13T13:37:43.198062+00:00
ILL,RB,3,Jordan Anderson,https://www.ourlads.com/ncaa-football-depth-charts/depth-chart.aspx,2026-09-13T13:37:43.198062+00:00
ILL,TE,1,Christian Abney,https://www.ourlads.com/ncaa-football-depth-charts/depth-chart.aspx,2026-09-13T13:37:43.198062+00:00
ILL,TE,2,Kaden Feagin,https://www.ourlads.com/ncaa-football-depth-charts/depth-chart.aspx,2026-09-13T13:37:43.198062+00:00
ILL,TE,3,Davin Stoffel,https://www.ourlads.com/ncaa-football-depth-charts/depth-chart.aspx,2026-09-13T13:37:43.198062+00:00
ILL,WR,1,Brayden Trimble,https://www.ourlads.com/ncaa-football-depth-charts/depth-chart.aspx,2026-09-13T13:37:43.198062+00:00
ILL,WR,1,Collin Dixon,https://www.ourlads.com/ncaa-football-depth-charts/depth-chart.aspx,2026-09-13T13:37:43.198062+00:00
ILL,WR,1,Hudson Clement,https://www.ourlads.com/ncaa-football-depth-charts/depth-chart.aspx,2026-09-13T13:37:43.198062+00:00
ILL,WR,2,Eddie Kasper,https://www.ourlads.com/ncaa-football-depth-charts/depth-chart.aspx,2026-09-13T13:37:43.198062+00:00
ILL,WR,2,Nas Rankin,https://www.ourlads.com/ncaa-football-depth-charts/depth-chart.aspx,2026-09-13T13:37:43.198062+00:00
ILL,WR,2,Ty Robinson,https://www.ourlads.com/ncaa-football-depth-charts/depth-chart.aspx,2026-09-13T13:37:43.198062+00:00
ILL,WR,3,Jershaun Newton,https://www.ourlads.com/ncaa-football-depth-charts/depth-chart.aspx,2026-09-13T13:37:43.198062+00:00
ILL,WR,3,Kenyon Alston,https://www.ourlads.com/ncaa-football-depth-charts/depth-chart.aspx,2026-09-13T13:37:43.198062+00:00
ILL,WR,3,Leslie Mosley Jr.,https://www.ourlads.com/ncaa-football-depth-charts/depth-chart.aspx,2026-09-13T13:37:43.198062+00:00
IOWA,QB,1,Hank Brown,https://www.ourlads.com/ncaa-football-depth-charts/depth-chart.aspx,2026-09-13T13:37:43.198062+00:00
IOWA,QB,2,Jeremy Hecklinski,https://www.ourlads.com/ncaa-football-depth-charts/depth-chart.aspx,2026-09-13T13:37:43.198062+00:00
IOWA,QB,3,Jimmy Sullivan,https://www.ourlads.com/ncaa-football-depth-charts/depth-chart.aspx,2026-09-13T13:37:43.198062+00:00
IOWA,RB,1,Kamari Moulton,https://www.ourlads.com/ncaa-football-depth-charts/depth-chart.aspx,2026-09-13T13:37:43.198062+00:00
IOWA,RB,2,L.J. Phillips Jr.,https://www.ourlads.com/ncaa-football-depth-charts/depth-chart.aspx,2026-09-13T13:37:43.198062+00:00
IOWA,TE,1,DJ Vonnahme,https://www.ourlads.com/ncaa-football-depth-charts/depth-chart.aspx,2026-09-13T13:37:43.198062+00:00
IOWA,TE,2,Addison Ostrenga,https://www.ourlads.com/ncaa-football-depth-charts/depth-chart.aspx,2026-09-13T13:37:43.198062+00:00
IOWA,TE,3,Thomas Meyer,https://www.ourlads.com/ncaa-football-depth-charts/depth-chart.aspx,2026-09-13T13:37:43.198062+00:00
IOWA,WR,1,Evan James,https://www.ourlads.com/ncaa-football-depth-charts/depth-chart.aspx,2026-09-13T13:37:43.198062+00:00
IOWA,WR,1,Reece Vander Zee,https://www.ourlads.com/ncaa-football-depth-charts/depth-chart.aspx,2026-09-13T13:37:43.198062+00:00
IOWA,WR,1,Tony Diaz,https://www.ourlads.com/ncaa-football-depth-charts/depth-chart.aspx,2026-09-13T13:37:43.198062+00:00
IOWA,WR,2,Dayton Howard,https://www.ourlads.com/ncaa-football-depth-charts/depth-chart.aspx,2026-09-13T13:37:43.198062+00:00
IOWA,WR,2,Jarriett Buie,https://www.ourlads.com/ncaa-football-depth-charts/depth-chart.aspx,2026-09-13T13:37:43.198062+00:00
IOWA,WR,2,KJ Parker,https://www.ourlads.com/ncaa-football-depth-charts/depth-chart.aspx,2026-09-13T13:37:43.198062+00:00
ISU,QB,1,Jaylen Raynor,https://www.ourlads.com/ncaa-football-depth-charts/depth-chart.aspx,2026-09-13T13:37:43.198062+00:00
ISU,QB,2,Zane Flores,https://www.ourlads.com/ncaa-football-depth-charts/depth-chart.aspx,2026-09-13T13:37:43.198062+00:00
ISU,QB,3,Connor Moberly,https://www.ourlads.com/ncaa-football-depth-charts/depth-chart.aspx,2026-09-13T13:37:43.198062+00:00
ISU,RB,1,Aiden Flora,https://www.ourlads.com/ncaa-football-depth-charts/depth-chart.aspx,2026-09-13T13:37:43.198062+00:00
ISU,RB,2,Cameron Pettaway,https://www.ourlads.com/ncaa-football-depth-charts/depth-chart.aspx,2026-09-13T13:37:43.198062+00:00
ISU,TE,1,Tyler Fortenberry,https://www.ourlads.com/ncaa-football-depth-charts/depth-chart.aspx,2026-09-13T13:37:43.198062+00:00
ISU,TE,2,Christian Greenlaw,https://www.ourlads.com/ncaa-football-depth-charts/depth-chart.aspx,2026-09-13T13:37:43.198062+00:00
ISU,TE,3,Keaton Roskop,https://www.ourlads.com/ncaa-football-depth-charts/depth-chart.aspx,2026-09-13T13:37:43.198062+00:00
ISU,WR,1,Cody Jackson,https://www.ourlads.com/ncaa-football-depth-charts/depth-chart.aspx,2026-09-13T13:37:43.198062+00:00
ISU,WR,1,Evan Boyd,https://www.ourlads.com/ncaa-football-depth-charts/depth-chart.aspx,2026-09-13T13:37:43.198062+00:00
ISU,WR,1,Omari Hayes,https://www.ourlads.com/ncaa-football-depth-charts/depth-chart.aspx,2026-09-13T13:37:43.198062+00:00
ISU,WR,2,Carter Pabst,https://www.ourlads.com/ncaa-football-depth-charts/depth-chart.aspx,2026-09-13T13:37:43.198062+00:00
ISU,WR,2,Dominic Overby,https://www.ourlads.com/ncaa-football-depth-charts/depth-chart.aspx,2026-09-13T13:37:43.198062+00:00
ISU,WR,2,Ty Claiborne,https://www.ourlads.com/ncaa-football-depth-charts/depth-chart.aspx,2026-09-13T13:37:43.198062+00:00
ISU,WR,3,Jamal Polite Jr.,https://www.ourlads.com/ncaa-football-depth-charts/depth-chart.aspx,2026-09-13T13:37:43.198062+00:00
MICH,QB,1,Bryce Underwood,https://www.ourlads.com/ncaa-football-depth-charts/depth-chart.aspx,2026-09-13T13:37:43.198062+00:00
MICH,QB,2,Tommy Carr,https://www.ourlads.com/ncaa-football-depth-charts/depth-chart.aspx,2026-09-13T13:37:43.198062+00:00
MICH,QB,3,Brayden Fowler-Nicolosi,https://www.ourlads.com/ncaa-football-depth-charts/depth-chart.aspx,2026-09-13T13:37:43.198062+00:00
MICH,RB,1,Jordan Marshall,https://www.ourlads.com/ncaa-football-depth-charts/depth-chart.aspx,2026-09-13T13:37:43.198062+00:00
MICH,RB,2,Savion Hiter,https://www.ourlads.com/ncaa-football-depth-charts/depth-chart.aspx,2026-09-13T13:37:43.198062+00:00
MICH,RB,3,Bryson Kuzdzal,https://www.ourlads.com/ncaa-football-depth-charts/depth-chart.aspx,2026-09-13T13:37:43.198062+00:00
MICH,TE,1,Zack Marshall,https://www.ourlads.com/ncaa-football-depth-charts/depth-chart.aspx,2026-09-13T13:37:43.198062+00:00
MICH,TE,2,Hogan Hansen,https://www.ourlads.com/ncaa-football-depth-charts/depth-chart.aspx,2026-09-13T13:37:43.198062+00:00
MICH,TE,3,Deakon Tonielli,https://www.ourlads.com/ncaa-football-depth-charts/depth-chart.aspx,2026-09-13T13:37:43.198062+00:00
MICH,WR,1,Andrew Marsh,https://www.ourlads.com/ncaa-football-depth-charts/depth-chart.aspx,2026-09-13T13:37:43.198062+00:00
MICH,WR,1,Channing Goodwin,https://www.ourlads.com/ncaa-football-depth-charts/depth-chart.aspx,2026-09-13T13:37:43.198062+00:00
MICH,WR,1,JJ Buchanan,https://www.ourlads.com/ncaa-football-depth-charts/depth-chart.aspx,2026-09-13T13:37:43.198062+00:00
MICH,WR,2,Jaime Ffrench Jr.,https://www.ourlads.com/ncaa-football-depth-charts/depth-chart.aspx,2026-09-13T13:37:43.198062+00:00
MICH,WR,2,Salesi Moa,https://www.ourlads.com/ncaa-football-depth-charts/depth-chart.aspx,2026-09-13T13:37:43.198062+00:00
MICH,WR,2,Travis Johnson,https://www.ourlads.com/ncaa-football-depth-charts/depth-chart.aspx,2026-09-13T13:37:43.198062+00:00
MICH,WR,3,I'Marion Stewart,https://www.ourlads.com/ncaa-football-depth-charts/depth-chart.aspx,2026-09-13T13:37:43.198062+00:00
MICH,WR,3,Jamar Browder,https://www.ourlads.com/ncaa-football-depth-charts/depth-chart.aspx,2026-09-13T13:37:43.198062+00:00
MICH,WR,3,Kendrick Bell,https://www.ourlads.com/ncaa-football-depth-charts/depth-chart.aspx,2026-09-13T13:37:43.198062+00:00
MINN,QB,1,Drake Lindsey,https://www.ourlads.com/ncaa-football-depth-charts/depth-chart.aspx,2026-09-13T13:37:43.198062+00:00
MINN,QB,2,Max Shikenjanski,https://www.ourlads.com/ncaa-football-depth-charts/depth-chart.aspx,2026-09-13T13:37:43.198062+00:00
MINN,QB,3,Dylan Wittke,https://www.ourlads.com/ncaa-football-depth-charts/depth-chart.aspx,2026-09-13T13:37:43.198062+00:00
MINN,RB,1,Darius Taylor,https://www.ourlads.com/ncaa-football-depth-charts/depth-chart.aspx,2026-09-13T13:37:43.198062+00:00
MINN,RB,2,TJ Thomas,https://www.ourlads.com/ncaa-football-depth-charts/depth-chart.aspx,2026-09-13T13:37:43.198062+00:00
MINN,RB,3,Ryan Estrada,https://www.ourlads.com/ncaa-football-depth-charts/depth-chart.aspx,2026-09-13T13:37:43.198062+00:00
MINN,TE,1,Julian Johnson,https://www.ourlads.com/ncaa-football-depth-charts/depth-chart.aspx,2026-09-13T13:37:43.198062+00:00
MINN,TE,2,Pierce Walsh,https://www.ourlads.com/ncaa-football-depth-charts/depth-chart.aspx,2026-09-13T13:37:43.198062+00:00
MINN,TE,3,Kaden Helms,https://www.ourlads.com/ncaa-football-depth-charts/depth-chart.aspx,2026-09-13T13:37:43.198062+00:00
MINN,WR,1,Jalen Smith,https://www.ourlads.com/ncaa-football-depth-charts/depth-chart.aspx,2026-09-13T13:37:43.198062+00:00
MINN,WR,1,Javon Tracy,https://www.ourlads.com/ncaa-football-depth-charts/depth-chart.aspx,2026-09-13T13:37:43.198062+00:00
MINN,WR,1,Noah Jennings,https://www.ourlads.com/ncaa-football-depth-charts/depth-chart.aspx,2026-09-13T13:37:43.198062+00:00
MINN,WR,2,Hayden Moore,https://www.ourlads.com/ncaa-football-depth-charts/depth-chart.aspx,2026-09-13T13:37:43.198062+00:00
MINN,WR,2,Quayd Hendryx,https://www.ourlads.com/ncaa-football-depth-charts/depth-chart.aspx,2026-09-13T13:37:43.198062+00:00
MINN,WR,2,Zion Steptoe,https://www.ourlads.com/ncaa-football-depth-charts/depth-chart.aspx,2026-09-13T13:37:43.198062+00:00
MINN,WR,3,Donielle Hayes,https://www.ourlads.com/ncaa-football-depth-charts/depth-chart.aspx,2026-09-13T13:37:43.198062+00:00
MINN,WR,3,Perry Thompson,https://www.ourlads.com/ncaa-football-depth-charts/depth-chart.aspx,2026-09-13T13:37:43.198062+00:00
MSST,QB,1,Kamario Taylor,https://www.ourlads.com/ncaa-football-depth-charts/depth-chart.aspx,2026-09-13T13:37:43.198062+00:00
MSST,QB,2,AJ Swann,https://www.ourlads.com/ncaa-football-depth-charts/depth-chart.aspx,2026-09-13T13:37:43.198062+00:00
MSST,QB,3,Parker Puckett,https://www.ourlads.com/ncaa-football-depth-charts/depth-chart.aspx,2026-09-13T13:37:43.198062+00:00
MSST,RB,1,Fluff Bothwell,https://www.ourlads.com/ncaa-football-depth-charts/depth-chart.aspx,2026-09-13T13:37:43.198062+00:00
MSST,RB,2,Xavier Gayten,https://www.ourlads.com/ncaa-football-depth-charts/depth-chart.aspx,2026-09-13T13:37:43.198062+00:00
MSST,RB,3,Kolin Wilson,https://www.ourlads.com/ncaa-football-depth-charts/depth-chart.aspx,2026-09-13T13:37:43.198062+00:00
MSST,TE,1,Sam West,https://www.ourlads.com/ncaa-football-depth-charts/depth-chart.aspx,2026-09-13T13:37:43.198062+00:00
MSST,TE,2,Joeseph Skipworth,https://www.ourlads.com/ncaa-football-depth-charts/depth-chart.aspx,2026-09-13T13:37:43.198062+00:00
MSST,WR,1,Anthony Evans III,https://www.ourlads.com/ncaa-football-depth-charts/depth-chart.aspx,2026-09-13T13:37:43.198062+00:00
MSST,WR,1,Sanfrisco Magee,https://www.ourlads.com/ncaa-football-depth-charts/depth-chart.aspx,2026-09-13T13:37:43.198062+00:00
MSST,WR,1,Zion Ragins,https://www.ourlads.com/ncaa-football-depth-charts/depth-chart.aspx,2026-09-13T13:37:43.198062+00:00
MSST,WR,2,Ayden Williams,https://www.ourlads.com/ncaa-football-depth-charts/depth-chart.aspx,2026-09-13T13:37:43.198062+00:00
MSST,WR,2,Gracen Harris,https://www.ourlads.com/ncaa-football-depth-charts/depth-chart.aspx,2026-09-13T13:37:43.198062+00:00
MSST,WR,2,Marquis Johnson,https://www.ourlads.com/ncaa-football-depth-charts/depth-chart.aspx,2026-09-13T13:37:43.198062+00:00
MSST,WR,3,Camden Capehart,https://www.ourlads.com/ncaa-football-depth-charts/depth-chart.aspx,2026-09-13T13:37:43.198062+00:00
MSST,WR,3,Matt Mayfield,https://www.ourlads.com/ncaa-football-depth-charts/depth-chart.aspx,2026-09-13T13:37:43.198062+00:00
MSST,WR,3,Zion Crumpton,https://www.ourlads.com/ncaa-football-depth-charts/depth-chart.aspx,2026-09-13T13:37:43.198062+00:00
OKST,QB,1,Drew Mestemaker,https://www.ourlads.com/ncaa-football-depth-charts/depth-chart.aspx,2026-09-13T13:37:43.198062+00:00
OKST,QB,2,Grant Jordan,https://www.ourlads.com/ncaa-football-depth-charts/depth-chart.aspx,2026-09-13T13:37:43.198062+00:00
OKST,QB,3,Broderick Vehrs,https://www.ourlads.com/ncaa-football-depth-charts/depth-chart.aspx,2026-09-13T13:37:43.198062+00:00
OKST,RB,1,Caleb Hawkins,https://www.ourlads.com/ncaa-football-depth-charts/depth-chart.aspx,2026-09-13T13:37:43.198062+00:00
OKST,RB,2,Tre Page III,https://www.ourlads.com/ncaa-football-depth-charts/depth-chart.aspx,2026-09-13T13:37:43.198062+00:00
OKST,RB,3,Ayo Adeyi,https://www.ourlads.com/ncaa-football-depth-charts/depth-chart.aspx,2026-09-13T13:37:43.198062+00:00
OKST,TE,1,Carson Kolb,https://www.ourlads.com/ncaa-football-depth-charts/depth-chart.aspx,2026-09-13T13:37:43.198062+00:00
OKST,TE,2,Morgan McPhaul,https://www.ourlads.com/ncaa-football-depth-charts/depth-chart.aspx,2026-09-13T13:37:43.198062+00:00
OKST,TE,3,Donovan Green,https://www.ourlads.com/ncaa-football-depth-charts/depth-chart.aspx,2026-09-13T13:37:43.198062+00:00
OKST,WR,1,Chris Barnes,https://www.ourlads.com/ncaa-football-depth-charts/depth-chart.aspx,2026-09-13T13:37:43.198062+00:00
OKST,WR,1,Justin Bowick,https://www.ourlads.com/ncaa-football-depth-charts/depth-chart.aspx,2026-09-13T13:37:43.198062+00:00
OKST,WR,1,Wyatt Young,https://www.ourlads.com/ncaa-football-depth-charts/depth-chart.aspx,2026-09-13T13:37:43.198062+00:00
OKST,WR,2,Miles Coleman,https://www.ourlads.com/ncaa-football-depth-charts/depth-chart.aspx,2026-09-13T13:37:43.198062+00:00
OKST,WR,2,Rodney Harris II,https://www.ourlads.com/ncaa-football-depth-charts/depth-chart.aspx,2026-09-13T13:37:43.198062+00:00
OKST,WR,2,Terrence Lewis,https://www.ourlads.com/ncaa-football-depth-charts/depth-chart.aspx,2026-09-13T13:37:43.198062+00:00
ORE,QB,1,Dante Moore,https://www.ourlads.com/ncaa-football-depth-charts/depth-chart.aspx,2026-09-13T13:37:43.198062+00:00
ORE,QB,2,Dylan Raiola,https://www.ourlads.com/ncaa-football-depth-charts/depth-chart.aspx,2026-09-13T13:37:43.198062+00:00
ORE,QB,3,Brock Thomas,https://www.ourlads.com/ncaa-football-depth-charts/depth-chart.aspx,2026-09-13T13:37:43.198062+00:00
ORE,RB,1,Jordon Davison,https://www.ourlads.com/ncaa-football-depth-charts/depth-chart.aspx,2026-09-13T13:37:43.198062+00:00
ORE,RB,2,Dierre Hill Jr.,https://www.ourlads.com/ncaa-football-depth-charts/depth-chart.aspx,2026-09-13T13:37:43.198062+00:00
ORE,RB,3,Simeon Price,https://www.ourlads.com/ncaa-football-depth-charts/depth-chart.aspx,2026-09-13T13:37:43.198062+00:00
ORE,TE,1,Jamari Johnson,https://www.ourlads.com/ncaa-football-depth-charts/depth-chart.aspx,2026-09-13T13:37:43.198062+00:00
ORE,TE,2,Markus Dixon,https://www.ourlads.com/ncaa-football-depth-charts/depth-chart.aspx,2026-09-13T13:37:43.198062+00:00
ORE,TE,3,Kendre Harrison,https://www.ourlads.com/ncaa-football-depth-charts/depth-chart.aspx,2026-09-13T13:37:43.198062+00:00
ORE,WR,1,Dakorien Moore,https://www.ourlads.com/ncaa-football-depth-charts/depth-chart.aspx,2026-09-13T13:37:43.198062+00:00
ORE,WR,1,Evan Stewart,https://www.ourlads.com/ncaa-football-depth-charts/depth-chart.aspx,2026-09-13T13:37:43.198062+00:00
ORE,WR,1,Jeremiah McClellan,https://www.ourlads.com/ncaa-football-depth-charts/depth-chart.aspx,2026-09-13T13:37:43.198062+00:00
ORE,WR,2,Dillon Gresham,https://www.ourlads.com/ncaa-football-depth-charts/depth-chart.aspx,2026-09-13T13:37:43.198062+00:00
ORE,WR,2,Iverson Hooks,https://www.ourlads.com/ncaa-football-depth-charts/depth-chart.aspx,2026-09-13T13:37:43.198062+00:00
ORE,WR,2,Jalen Lott,https://www.ourlads.com/ncaa-football-depth-charts/depth-chart.aspx,2026-09-13T13:37:43.198062+00:00
ORE,WR,3,Gatlin Bair,https://www.ourlads.com/ncaa-football-depth-charts/depth-chart.aspx,2026-09-13T13:37:43.198062+00:00
ORE,WR,3,Jack Ressler,https://www.ourlads.com/ncaa-football-depth-charts/depth-chart.aspx,2026-09-13T13:37:43.198062+00:00
ORE,WR,3,Messiah Hampton,https://www.ourlads.com/ncaa-football-depth-charts/depth-chart.aspx,2026-09-13T13:37:43.198062+00:00
ORST,QB,1,Braden Atkinson,https://www.ourlads.com/ncaa-football-depth-charts/depth-chart.aspx,2026-09-13T13:37:43.198062+00:00
ORST,QB,2,Maalik Murphy,https://www.ourlads.com/ncaa-football-depth-charts/depth-chart.aspx,2026-09-13T13:37:43.198062+00:00
ORST,QB,3,Brady Jones,https://www.ourlads.com/ncaa-football-depth-charts/depth-chart.aspx,2026-09-13T13:37:43.198062+00:00
ORST,RB,1,Cornell Hatcher Jr.,https://www.ourlads.com/ncaa-football-depth-charts/depth-chart.aspx,2026-09-13T13:37:43.198062+00:00
ORST,RB,2,AJ Newberry,https://www.ourlads.com/ncaa-football-depth-charts/depth-chart.aspx,2026-09-13T13:37:43.198062+00:00
ORST,RB,3,Kourdey Glass,https://www.ourlads.com/ncaa-football-depth-charts/depth-chart.aspx,2026-09-13T13:37:43.198062+00:00
ORST,TE,1,Eric Olsen,https://www.ourlads.com/ncaa-football-depth-charts/depth-chart.aspx,2026-09-13T13:37:43.198062+00:00
ORST,TE,2,DeCorion Temple,https://www.ourlads.com/ncaa-football-depth-charts/depth-chart.aspx,2026-09-13T13:37:43.198062+00:00
ORST,TE,3,Gabe Milbourn,https://www.ourlads.com/ncaa-football-depth-charts/depth-chart.aspx,2026-09-13T13:37:43.198062+00:00
ORST,WR,1,Aaron Butler,https://www.ourlads.com/ncaa-football-depth-charts/depth-chart.aspx,2026-09-13T13:37:43.198062+00:00
ORST,WR,1,Eddie Freauff,https://www.ourlads.com/ncaa-football-depth-charts/depth-chart.aspx,2026-09-13T13:37:43.198062+00:00
ORST,WR,1,Xayvion Noland,https://www.ourlads.com/ncaa-football-depth-charts/depth-chart.aspx,2026-09-13T13:37:43.198062+00:00
ORST,WR,2,Aeryn Hampton,https://www.ourlads.com/ncaa-football-depth-charts/depth-chart.aspx,2026-09-13T13:37:43.198062+00:00
ORST,WR,2,Jesse Legree,https://www.ourlads.com/ncaa-football-depth-charts/depth-chart.aspx,2026-09-13T13:37:43.198062+00:00
ORST,WR,2,Karson Boschma,https://www.ourlads.com/ncaa-football-depth-charts/depth-chart.aspx,2026-09-13T13:37:43.198062+00:00
ORST,WR,3,Cynai Thomas,https://www.ourlads.com/ncaa-football-depth-charts/depth-chart.aspx,2026-09-13T13:37:43.198062+00:00
ORST,WR,3,Jameson Powell,https://www.ourlads.com/ncaa-football-depth-charts/depth-chart.aspx,2026-09-13T13:37:43.198062+00:00
ORST,WR,3,Malachi Durant,https://www.ourlads.com/ncaa-football-depth-charts/depth-chart.aspx,2026-09-13T13:37:43.198062+00:00
OSU,QB,1,Julian Sayin,https://www.ourlads.com/ncaa-football-depth-charts/depth-chart.aspx,2026-09-13T13:37:43.198062+00:00
OSU,QB,2,Tavien St. Clair,https://www.ourlads.com/ncaa-football-depth-charts/depth-chart.aspx,2026-09-13T13:37:43.198062+00:00
OSU,QB,3,Luke Fahey,https://www.ourlads.com/ncaa-football-depth-charts/depth-chart.aspx,2026-09-13T13:37:43.198062+00:00
OSU,RB,1,Bo Jackson,https://www.ourlads.com/ncaa-football-depth-charts/depth-chart.aspx,2026-09-13T13:37:43.198062+00:00
OSU,RB,2,Isaiah West,https://www.ourlads.com/ncaa-football-depth-charts/depth-chart.aspx,2026-09-13T13:37:43.198062+00:00
OSU,RB,3,Ja'Kobi Jackson,https://www.ourlads.com/ncaa-football-depth-charts/depth-chart.aspx,2026-09-13T13:37:43.198062+00:00
OSU,TE,1,Nate Roberts,https://www.ourlads.com/ncaa-football-depth-charts/depth-chart.aspx,2026-09-13T13:37:43.198062+00:00
OSU,TE,2,Mason Williams,https://www.ourlads.com/ncaa-football-depth-charts/depth-chart.aspx,2026-09-13T13:37:43.198062+00:00
OSU,TE,3,Bennett Christian,https://www.ourlads.com/ncaa-football-depth-charts/depth-chart.aspx,2026-09-13T13:37:43.198062+00:00
OSU,WR,1,Brandon Inniss,https://www.ourlads.com/ncaa-football-depth-charts/depth-chart.aspx,2026-09-13T13:37:43.198062+00:00
OSU,WR,1,Devin McCuin,https://www.ourlads.com/ncaa-football-depth-charts/depth-chart.aspx,2026-09-13T13:37:43.198062+00:00
OSU,WR,1,Jeremiah Smith,https://www.ourlads.com/ncaa-football-depth-charts/depth-chart.aspx,2026-09-13T13:37:43.198062+00:00
OSU,WR,2,Brock Boyd,https://www.ourlads.com/ncaa-football-depth-charts/depth-chart.aspx,2026-09-13T13:37:43.198062+00:00
OSU,WR,2,Chris Henry Jr.,https://www.ourlads.com/ncaa-football-depth-charts/depth-chart.aspx,2026-09-13T13:37:43.198062+00:00
OSU,WR,2,Kyle Parker,https://www.ourlads.com/ncaa-football-depth-charts/depth-chart.aspx,2026-09-13T13:37:43.198062+00:00
OSU,WR,3,De'Zie Jones,https://www.ourlads.com/ncaa-football-depth-charts/depth-chart.aspx,2026-09-13T13:37:43.198062+00:00
OSU,WR,3,Jerquaden Guilford,https://www.ourlads.com/ncaa-football-depth-charts/depth-chart.aspx,2026-09-13T13:37:43.198062+00:00
OSU,WR,3,Phillip Bell,https://www.ourlads.com/ncaa-football-depth-charts/depth-chart.aspx,2026-09-13T13:37:43.198062+00:00
OU,QB,1,John Mateer,https://www.ourlads.com/ncaa-football-depth-charts/depth-chart.aspx,2026-09-13T13:37:43.198062+00:00
OU,QB,2,Whitt Newbauer,https://www.ourlads.com/ncaa-football-depth-charts/depth-chart.aspx,2026-09-13T13:37:43.198062+00:00
OU,QB,3,Bowe Bentley,https://www.ourlads.com/ncaa-football-depth-charts/depth-chart.aspx,2026-09-13T13:37:43.198062+00:00
OU,RB,1,Xavier Robinson,https://www.ourlads.com/ncaa-football-depth-charts/depth-chart.aspx,2026-09-13T13:37:43.198062+00:00
OU,RB,2,Lloyd Avant,https://www.ourlads.com/ncaa-football-depth-charts/depth-chart.aspx,2026-09-13T13:37:43.198062+00:00
OU,RB,3,Tory Blaylock,https://www.ourlads.com/ncaa-football-depth-charts/depth-chart.aspx,2026-09-13T13:37:43.198062+00:00
OU,TE,1,Hayden Hansen,https://www.ourlads.com/ncaa-football-depth-charts/depth-chart.aspx,2026-09-13T13:37:43.198062+00:00
OU,TE,2,Rocky Beers,https://www.ourlads.com/ncaa-football-depth-charts/depth-chart.aspx,2026-09-13T13:37:43.198062+00:00
OU,TE,3,Jack Van Dorselaer,https://www.ourlads.com/ncaa-football-depth-charts/depth-chart.aspx,2026-09-13T13:37:43.198062+00:00
OU,WR,1,Isaiah Sategna III,https://www.ourlads.com/ncaa-football-depth-charts/depth-chart.aspx,2026-09-13T13:37:43.198062+00:00
OU,WR,1,Parker Livingstone,https://www.ourlads.com/ncaa-football-depth-charts/depth-chart.aspx,2026-09-13T13:37:43.198062+00:00
OU,WR,1,Trell Harris,https://www.ourlads.com/ncaa-football-depth-charts/depth-chart.aspx,2026-09-13T13:37:43.198062+00:00
OU,WR,2,Elijah Thomas,https://www.ourlads.com/ncaa-football-depth-charts/depth-chart.aspx,2026-09-13T13:37:43.198062+00:00
OU,WR,2,Jacob Jordan,https://www.ourlads.com/ncaa-football-depth-charts/depth-chart.aspx,2026-09-13T13:37:43.198062+00:00
OU,WR,2,Manny Choice,https://www.ourlads.com/ncaa-football-depth-charts/depth-chart.aspx,2026-09-13T13:37:43.198062+00:00
OU,WR,3,Jer'Michael Carter,https://www.ourlads.com/ncaa-football-depth-charts/depth-chart.aspx,2026-09-13T13:37:43.198062+00:00
OU,WR,3,Mackenzie Alleyne,https://www.ourlads.com/ncaa-football-depth-charts/depth-chart.aspx,2026-09-13T13:37:43.198062+00:00
PITT,QB,1,Mason Heintschel,https://www.ourlads.com/ncaa-football-depth-charts/depth-chart.aspx,2026-09-13T13:37:43.198062+00:00
PITT,QB,2,Holden Geriner,https://www.ourlads.com/ncaa-football-depth-charts/depth-chart.aspx,2026-09-13T13:37:43.198062+00:00
PITT,RB,1,Ja'Kyrian Turner,https://www.ourlads.com/ncaa-football-depth-charts/depth-chart.aspx,2026-09-13T13:37:43.198062+00:00
PITT,RB,2,La'Vell Wright,https://www.ourlads.com/ncaa-football-depth-charts/depth-chart.aspx,2026-09-13T13:37:43.198062+00:00
PITT,RB,3,Damon Ferguson Jr.,https://www.ourlads.com/ncaa-football-depth-charts/depth-chart.aspx,2026-09-13T13:37:43.198062+00:00
PITT,TE,1,Carson Kent,https://www.ourlads.com/ncaa-football-depth-charts/depth-chart.aspx,2026-09-13T13:37:43.198062+00:00
PITT,TE,2,Elijah Lagg,https://www.ourlads.com/ncaa-football-depth-charts/depth-chart.aspx,2026-09-13T13:37:43.198062+00:00
PITT,WR,1,Cataurus Hicks,https://www.ourlads.com/ncaa-football-depth-charts/depth-chart.aspx,2026-09-13T13:37:43.198062+00:00
PITT,WR,1,Censere Lee,https://www.ourlads.com/ncaa-football-depth-charts/depth-chart.aspx,2026-09-13T13:37:43.198062+00:00
PITT,WR,1,Malik Knight,https://www.ourlads.com/ncaa-football-depth-charts/depth-chart.aspx,2026-09-13T13:37:43.198062+00:00
PITT,WR,2,Bryce Yates,https://www.ourlads.com/ncaa-football-depth-charts/depth-chart.aspx,2026-09-13T13:37:43.198062+00:00
PITT,WR,2,Tony Kinsler,https://www.ourlads.com/ncaa-football-depth-charts/depth-chart.aspx,2026-09-13T13:37:43.198062+00:00
PITT,WR,2,Tyreek Robinson,https://www.ourlads.com/ncaa-football-depth-charts/depth-chart.aspx,2026-09-13T13:37:43.198062+00:00
PITT,WR,3,Cam Sapp,https://www.ourlads.com/ncaa-football-depth-charts/depth-chart.aspx,2026-09-13T13:37:43.198062+00:00
PUR,QB,1,Ryan Browne,https://www.ourlads.com/ncaa-football-depth-charts/depth-chart.aspx,2026-09-13T13:37:43.198062+00:00
PUR,QB,2,Evans Chuba,https://www.ourlads.com/ncaa-football-depth-charts/depth-chart.aspx,2026-09-13T13:37:43.198062+00:00
PUR,QB,3,Bennett Meredith,https://www.ourlads.com/ncaa-football-depth-charts/depth-chart.aspx,2026-09-13T13:37:43.198062+00:00
PUR,RB,1,Fame Ijeboi,https://www.ourlads.com/ncaa-football-depth-charts/depth-chart.aspx,2026-09-13T13:37:43.198062+00:00
PUR,RB,2,Jerrick Gibson,https://www.ourlads.com/ncaa-football-depth-charts/depth-chart.aspx,2026-09-13T13:37:43.198062+00:00
PUR,RB,3,Travis Terrell Jr.,https://www.ourlads.com/ncaa-football-depth-charts/depth-chart.aspx,2026-09-13T13:37:43.198062+00:00
PUR,TE,1,George Burhenn,https://www.ourlads.com/ncaa-football-depth-charts/depth-chart.aspx,2026-09-13T13:37:43.198062+00:00
PUR,TE,2,Luca Puccinelli,https://www.ourlads.com/ncaa-football-depth-charts/depth-chart.aspx,2026-09-13T13:37:43.198062+00:00
PUR,TE,3,Jackson Berryman,https://www.ourlads.com/ncaa-football-depth-charts/depth-chart.aspx,2026-09-13T13:37:43.198062+00:00
PUR,WR,1,Asaad Waseem,https://www.ourlads.com/ncaa-football-depth-charts/depth-chart.aspx,2026-09-13T13:37:43.198062+00:00
PUR,WR,1,Chauncey Magwood,https://www.ourlads.com/ncaa-football-depth-charts/depth-chart.aspx,2026-09-13T13:37:43.198062+00:00
PUR,WR,1,De'Nylon Morrissette,https://www.ourlads.com/ncaa-football-depth-charts/depth-chart.aspx,2026-09-13T13:37:43.198062+00:00
PUR,WR,2,Bisi Owens,https://www.ourlads.com/ncaa-football-depth-charts/depth-chart.aspx,2026-09-13T13:37:43.198062+00:00
PUR,WR,2,Jaylan Hornsby,https://www.ourlads.com/ncaa-football-depth-charts/depth-chart.aspx,2026-09-13T13:37:43.198062+00:00
PUR,WR,2,Xavier Townsend,https://www.ourlads.com/ncaa-football-depth-charts/depth-chart.aspx,2026-09-13T13:37:43.198062+00:00
PUR,WR,3,Brandon Kinsey,https://www.ourlads.com/ncaa-football-depth-charts/depth-chart.aspx,2026-09-13T13:37:43.198062+00:00
PUR,WR,3,Jesse Watson,https://www.ourlads.com/ncaa-football-depth-charts/depth-chart.aspx,2026-09-13T13:37:43.198062+00:00
PUR,WR,3,Tra'Mar Harris,https://www.ourlads.com/ncaa-football-depth-charts/depth-chart.aspx,2026-09-13T13:37:43.198062+00:00
SYR,QB,1,Steve Angeli,https://www.ourlads.com/ncaa-football-depth-charts/depth-chart.aspx,2026-09-13T13:37:43.198062+00:00
SYR,QB,2,Amari Odom,https://www.ourlads.com/ncaa-football-depth-charts/depth-chart.aspx,2026-09-13T13:37:43.198062+00:00
SYR,QB,3,Malachi Nelson,https://www.ourlads.com/ncaa-football-depth-charts/depth-chart.aspx,2026-09-13T13:37:43.198062+00:00
SYR,RB,1,Tylik Hill,https://www.ourlads.com/ncaa-football-depth-charts/depth-chart.aspx,2026-09-13T13:37:43.198062+00:00
SYR,RB,2,Shavane Anderson Jr.,https://www.ourlads.com/ncaa-football-depth-charts/depth-chart.aspx,2026-09-13T13:37:43.198062+00:00
SYR,RB,3,Matthew Outten,https://www.ourlads.com/ncaa-football-depth-charts/depth-chart.aspx,2026-09-13T13:37:43.198062+00:00
SYR,TE,1,David Clement,https://www.ourlads.com/ncaa-football-depth-charts/depth-chart.aspx,2026-09-13T13:37:43.198062+00:00
SYR,TE,2,Noah Meyers,https://www.ourlads.com/ncaa-football-depth-charts/depth-chart.aspx,2026-09-13T13:37:43.198062+00:00
SYR,TE,3,Elijah Washington-Baker,https://www.ourlads.com/ncaa-football-depth-charts/depth-chart.aspx,2026-09-13T13:37:43.198062+00:00
SYR,WR,1,Cole Weaver,https://www.ourlads.com/ncaa-football-depth-charts/depth-chart.aspx,2026-09-13T13:37:43.198062+00:00
SYR,WR,1,Darius Johnson,https://www.ourlads.com/ncaa-football-depth-charts/depth-chart.aspx,2026-09-13T13:37:43.198062+00:00
SYR,WR,1,Umari Hatcher,https://www.ourlads.com/ncaa-football-depth-charts/depth-chart.aspx,2026-09-13T13:37:43.198062+00:00
SYR,WR,2,Julian McFadden,https://www.ourlads.com/ncaa-football-depth-charts/depth-chart.aspx,2026-09-13T13:37:43.198062+00:00
SYR,WR,2,Tyshawn Russell,https://www.ourlads.com/ncaa-football-depth-charts/depth-chart.aspx,2026-09-13T13:37:43.198062+00:00
SYR,WR,2,Zamondre Merriweather,https://www.ourlads.com/ncaa-football-depth-charts/depth-chart.aspx,2026-09-13T13:37:43.198062+00:00
SYR,WR,3,Darien Williams,https://www.ourlads.com/ncaa-football-depth-charts/depth-chart.aspx,2026-09-13T13:37:43.198062+00:00
TENN,QB,1,Faizon Brandon,https://www.ourlads.com/ncaa-football-depth-charts/depth-chart.aspx,2026-09-13T13:37:43.198062+00:00
TENN,QB,2,George MacIntyre,https://www.ourlads.com/ncaa-football-depth-charts/depth-chart.aspx,2026-09-13T13:37:43.198062+00:00
TENN,QB,3,Ryan Staub,https://www.ourlads.com/ncaa-football-depth-charts/depth-chart.aspx,2026-09-13T13:37:43.198062+00:00
TENN,RB,1,DeSean Bishop,https://www.ourlads.com/ncaa-football-depth-charts/depth-chart.aspx,2026-09-13T13:37:43.198062+00:00
TENN,RB,2,Javin Gordon,https://www.ourlads.com/ncaa-football-depth-charts/depth-chart.aspx,2026-09-13T13:37:43.198062+00:00
TENN,RB,3,Daune Morris,https://www.ourlads.com/ncaa-football-depth-charts/depth-chart.aspx,2026-09-13T13:37:43.198062+00:00
TENN,TE,1,Ethan Davis,https://www.ourlads.com/ncaa-football-depth-charts/depth-chart.aspx,2026-09-13T13:37:43.198062+00:00
TENN,TE,2,DaSaahn Brame,https://www.ourlads.com/ncaa-football-depth-charts/depth-chart.aspx,2026-09-13T13:37:43.198062+00:00
TENN,TE,3,Trent Thomas,https://www.ourlads.com/ncaa-football-depth-charts/depth-chart.aspx,2026-09-13T13:37:43.198062+00:00
TENN,WR,1,Braylon Staley,https://www.ourlads.com/ncaa-football-depth-charts/depth-chart.aspx,2026-09-13T13:37:43.198062+00:00
TENN,WR,1,Mike Matthews,https://www.ourlads.com/ncaa-football-depth-charts/depth-chart.aspx,2026-09-13T13:37:43.198062+00:00
TENN,WR,1,Radarious Jackson,https://www.ourlads.com/ncaa-football-depth-charts/depth-chart.aspx,2026-09-13T13:37:43.198062+00:00
TENN,WR,2,Ian Duarte,https://www.ourlads.com/ncaa-football-depth-charts/depth-chart.aspx,2026-09-13T13:37:43.198062+00:00
TENN,WR,2,Joakim Dodson,https://www.ourlads.com/ncaa-football-depth-charts/depth-chart.aspx,2026-09-13T13:37:43.198062+00:00
TENN,WR,2,Travis Smith Jr.,https://www.ourlads.com/ncaa-football-depth-charts/depth-chart.aspx,2026-09-13T13:37:43.198062+00:00
TENN,WR,3,TK Keys,https://www.ourlads.com/ncaa-football-depth-charts/depth-chart.aspx,2026-09-13T13:37:43.198062+00:00
TENN,WR,3,Tyreek King,https://www.ourlads.com/ncaa-football-depth-charts/depth-chart.aspx,2026-09-13T13:37:43.198062+00:00
TEX,QB,1,Arch Manning,https://www.ourlads.com/ncaa-football-depth-charts/depth-chart.aspx,2026-09-13T13:37:43.198062+00:00
TEX,QB,2,Karle Lacey Jr.,https://www.ourlads.com/ncaa-football-depth-charts/depth-chart.aspx,2026-09-13T13:37:43.198062+00:00
TEX,QB,3,Dia Bell,https://www.ourlads.com/ncaa-football-depth-charts/depth-chart.aspx,2026-09-13T13:37:43.198062+00:00
TEX,RB,1,Hollywood Smothers,https://www.ourlads.com/ncaa-football-depth-charts/depth-chart.aspx,2026-09-13T13:37:43.198062+00:00
TEX,RB,2,Raleek Brown,https://www.ourlads.com/ncaa-football-depth-charts/depth-chart.aspx,2026-09-13T13:37:43.198062+00:00
TEX,RB,3,Derrek Cooper,https://www.ourlads.com/ncaa-football-depth-charts/depth-chart.aspx,2026-09-13T13:37:43.198062+00:00
TEX,TE,1,Nick Townsend,https://www.ourlads.com/ncaa-football-depth-charts/depth-chart.aspx,2026-09-13T13:37:43.198062+00:00
TEX,TE,1,Spencer Shannon,https://www.ourlads.com/ncaa-football-depth-charts/depth-chart.aspx,2026-09-13T13:37:43.198062+00:00
TEX,TE,2,Emaree Winston,https://www.ourlads.com/ncaa-football-depth-charts/depth-chart.aspx,2026-09-13T13:37:43.198062+00:00
TEX,TE,2,Michael Masunas,https://www.ourlads.com/ncaa-football-depth-charts/depth-chart.aspx,2026-09-13T13:37:43.198062+00:00
TEX,TE,3,Charlie Jilek,https://www.ourlads.com/ncaa-football-depth-charts/depth-chart.aspx,2026-09-13T13:37:43.198062+00:00
TEX,TE,3,Will Randle,https://www.ourlads.com/ncaa-football-depth-charts/depth-chart.aspx,2026-09-13T13:37:43.198062+00:00
TEX,WR,1,Cam Coleman,https://www.ourlads.com/ncaa-football-depth-charts/depth-chart.aspx,2026-09-13T13:37:43.198062+00:00
TEX,WR,1,Emmett Mosley V,https://www.ourlads.com/ncaa-football-depth-charts/depth-chart.aspx,2026-09-13T13:37:43.198062+00:00
TEX,WR,1,Ryan Wingo,https://www.ourlads.com/ncaa-football-depth-charts/depth-chart.aspx,2026-09-13T13:37:43.198062+00:00
TEX,WR,2,Daylan McCutcheon,https://www.ourlads.com/ncaa-football-depth-charts/depth-chart.aspx,2026-09-13T13:37:43.198062+00:00
TEX,WR,2,Jermaine Bishop Jr.,https://www.ourlads.com/ncaa-football-depth-charts/depth-chart.aspx,2026-09-13T13:37:43.198062+00:00
TEX,WR,2,Sterling Berkhalter,https://www.ourlads.com/ncaa-football-depth-charts/depth-chart.aspx,2026-09-13T13:37:43.198062+00:00
TEX,WR,3,Kaliq Lockett,https://www.ourlads.com/ncaa-football-depth-charts/depth-chart.aspx,2026-09-13T13:37:43.198062+00:00
TEX,WR,3,Kohen Brown,https://www.ourlads.com/ncaa-football-depth-charts/depth-chart.aspx,2026-09-13T13:37:43.198062+00:00
TEX,WR,3,Ryan Niblett,https://www.ourlads.com/ncaa-football-depth-charts/depth-chart.aspx,2026-09-13T13:37:43.198062+00:00
TTU,QB,1,Will Hammond,https://www.ourlads.com/ncaa-football-depth-charts/depth-chart.aspx,2026-09-13T13:37:43.198062+00:00
TTU,QB,2,Kirk Francis,https://www.ourlads.com/ncaa-football-depth-charts/depth-chart.aspx,2026-09-13T13:37:43.198062+00:00
TTU,QB,3,Lloyd Jones III,https://www.ourlads.com/ncaa-football-depth-charts/depth-chart.aspx,2026-09-13T13:37:43.198062+00:00
TTU,RB,1,Cameron Dickey,https://www.ourlads.com/ncaa-football-depth-charts/depth-chart.aspx,2026-09-13T13:37:43.198062+00:00
TTU,RB,2,J'Koby Williams,https://www.ourlads.com/ncaa-football-depth-charts/depth-chart.aspx,2026-09-13T13:37:43.198062+00:00
TTU,RB,3,Quinten Joyner,https://www.ourlads.com/ncaa-football-depth-charts/depth-chart.aspx,2026-09-13T13:37:43.198062+00:00
TTU,TE,1,Terrance Carter Jr.,https://www.ourlads.com/ncaa-football-depth-charts/depth-chart.aspx,2026-09-13T13:37:43.198062+00:00
TTU,TE,2,Jett Carpenter,https://www.ourlads.com/ncaa-football-depth-charts/depth-chart.aspx,2026-09-13T13:37:43.198062+00:00
TTU,TE,3,Matt Ludwig,https://www.ourlads.com/ncaa-football-depth-charts/depth-chart.aspx,2026-09-13T13:37:43.198062+00:00
TTU,WR,1,Coy Eakin,https://www.ourlads.com/ncaa-football-depth-charts/depth-chart.aspx,2026-09-13T13:37:43.198062+00:00
TTU,WR,1,Kenny Johnson,https://www.ourlads.com/ncaa-football-depth-charts/depth-chart.aspx,2026-09-13T13:37:43.198062+00:00
TTU,WR,1,Micah Hudson,https://www.ourlads.com/ncaa-football-depth-charts/depth-chart.aspx,2026-09-13T13:37:43.198062+00:00
TTU,WR,2,Bryson Jones,https://www.ourlads.com/ncaa-football-depth-charts/depth-chart.aspx,2026-09-13T13:37:43.198062+00:00
TTU,WR,2,Donte Lee Jr.,https://www.ourlads.com/ncaa-football-depth-charts/depth-chart.aspx,2026-09-13T13:37:43.198062+00:00
TTU,WR,2,Jalen Jones,https://www.ourlads.com/ncaa-football-depth-charts/depth-chart.aspx,2026-09-13T13:37:43.198062+00:00
TTU,WR,3,Chase Campbell,https://www.ourlads.com/ncaa-football-depth-charts/depth-chart.aspx,2026-09-13T13:37:43.198062+00:00
TTU,WR,3,Leyton Stone,https://www.ourlads.com/ncaa-football-depth-charts/depth-chart.aspx,2026-09-13T13:37:43.198062+00:00
TTU,WR,3,Malcolm Simmons,https://www.ourlads.com/ncaa-football-depth-charts/depth-chart.aspx,2026-09-13T13:37:43.198062+00:00
TXAM,QB,1,Marcel Reed,https://www.ourlads.com/ncaa-football-depth-charts/depth-chart.aspx,2026-09-13T13:37:43.198062+00:00
TXAM,QB,2,Brady Hart,https://www.ourlads.com/ncaa-football-depth-charts/depth-chart.aspx,2026-09-13T13:37:43.198062+00:00
TXAM,QB,3,Helaman Casuga,https://www.ourlads.com/ncaa-football-depth-charts/depth-chart.aspx,2026-09-13T13:37:43.198062+00:00
TXAM,RB,1,Rueben Owens II,https://www.ourlads.com/ncaa-football-depth-charts/depth-chart.aspx,2026-09-13T13:37:43.198062+00:00
TXAM,RB,2,Jamarion Morrow,https://www.ourlads.com/ncaa-football-depth-charts/depth-chart.aspx,2026-09-13T13:37:43.198062+00:00
TXAM,RB,3,KJ Edwards,https://www.ourlads.com/ncaa-football-depth-charts/depth-chart.aspx,2026-09-13T13:37:43.198062+00:00
TXAM,TE,1,Micah Riley,https://www.ourlads.com/ncaa-football-depth-charts/depth-chart.aspx,2026-09-13T13:37:43.198062+00:00
TXAM,TE,2,Houston Thomas,https://www.ourlads.com/ncaa-football-depth-charts/depth-chart.aspx,2026-09-13T13:37:43.198062+00:00
TXAM,TE,3,Richie Anderson III,https://www.ourlads.com/ncaa-football-depth-charts/depth-chart.aspx,2026-09-13T13:37:43.198062+00:00
TXAM,WR,1,Ashton Bethel-Roman,https://www.ourlads.com/ncaa-football-depth-charts/depth-chart.aspx,2026-09-13T13:37:43.198062+00:00
TXAM,WR,1,Isaiah Horton,https://www.ourlads.com/ncaa-football-depth-charts/depth-chart.aspx,2026-09-13T13:37:43.198062+00:00
TXAM,WR,1,Mario Craver,https://www.ourlads.com/ncaa-football-depth-charts/depth-chart.aspx,2026-09-13T13:37:43.198062+00:00
TXAM,WR,2,Aaron Gregory,https://www.ourlads.com/ncaa-football-depth-charts/depth-chart.aspx,2026-09-13T13:37:43.198062+00:00
TXAM,WR,2,Kelshaun Johnson,https://www.ourlads.com/ncaa-football-depth-charts/depth-chart.aspx,2026-09-13T13:37:43.198062+00:00
TXAM,WR,2,Terry Bussey,https://www.ourlads.com/ncaa-football-depth-charts/depth-chart.aspx,2026-09-13T13:37:43.198062+00:00
TXAM,WR,3,Jayden Warren,https://www.ourlads.com/ncaa-football-depth-charts/depth-chart.aspx,2026-09-13T13:37:43.198062+00:00
TXAM,WR,3,Madden Williams,https://www.ourlads.com/ncaa-football-depth-charts/depth-chart.aspx,2026-09-13T13:37:43.198062+00:00
TXAM,WR,3,TK Norman,https://www.ourlads.com/ncaa-football-depth-charts/depth-chart.aspx,2026-09-13T13:37:43.198062+00:00
UCF,QB,1,Alonza Barnett III,https://www.ourlads.com/ncaa-football-depth-charts/depth-chart.aspx,2026-09-13T13:37:43.198062+00:00
UCF,QB,2,Keyone Jenkins,https://www.ourlads.com/ncaa-football-depth-charts/depth-chart.aspx,2026-09-13T13:37:43.198062+00:00
UCF,QB,3,Kaleb Annett,https://www.ourlads.com/ncaa-football-depth-charts/depth-chart.aspx,2026-09-13T13:37:43.198062+00:00
UCF,RB,1,Duke Watson,https://www.ourlads.com/ncaa-football-depth-charts/depth-chart.aspx,2026-09-13T13:37:43.198062+00:00
UCF,RB,2,Landen Chambers,https://www.ourlads.com/ncaa-football-depth-charts/depth-chart.aspx,2026-09-13T13:37:43.198062+00:00
UCF,RB,3,Taevion Swint,https://www.ourlads.com/ncaa-football-depth-charts/depth-chart.aspx,2026-09-13T13:37:43.198062+00:00
UCF,TE,1,Dylan Wade,https://www.ourlads.com/ncaa-football-depth-charts/depth-chart.aspx,2026-09-13T13:37:43.198062+00:00
UCF,TE,2,Caden Piening,https://www.ourlads.com/ncaa-football-depth-charts/depth-chart.aspx,2026-09-13T13:37:43.198062+00:00
UCF,TE,3,Grayson Brousseau,https://www.ourlads.com/ncaa-football-depth-charts/depth-chart.aspx,2026-09-13T13:37:43.198062+00:00
UCF,WR,1,Josh Derry,https://www.ourlads.com/ncaa-football-depth-charts/depth-chart.aspx,2026-09-13T13:37:43.198062+00:00
UCF,WR,1,Ric'Darious Farmer,https://www.ourlads.com/ncaa-football-depth-charts/depth-chart.aspx,2026-09-13T13:37:43.198062+00:00
UCF,WR,1,Waden Charles,https://www.ourlads.com/ncaa-football-depth-charts/depth-chart.aspx,2026-09-13T13:37:43.198062+00:00
UCF,WR,2,Jonathan Bibbs,https://www.ourlads.com/ncaa-football-depth-charts/depth-chart.aspx,2026-09-13T13:37:43.198062+00:00
UCF,WR,2,Jordyn Bridgewater,https://www.ourlads.com/ncaa-football-depth-charts/depth-chart.aspx,2026-09-13T13:37:43.198062+00:00
UCF,WR,2,Tyren Hornes,https://www.ourlads.com/ncaa-football-depth-charts/depth-chart.aspx,2026-09-13T13:37:43.198062+00:00
UCF,WR,3,Caleb Rollerson,https://www.ourlads.com/ncaa-football-depth-charts/depth-chart.aspx,2026-09-13T13:37:43.198062+00:00
UCF,WR,3,Chase Hinshaw,https://www.ourlads.com/ncaa-football-depth-charts/depth-chart.aspx,2026-09-13T13:37:43.198062+00:00
UK,QB,1,Kenny Minchey,https://www.ourlads.com/ncaa-football-depth-charts/depth-chart.aspx,2026-09-13T13:37:43.198062+00:00
UK,QB,2,Callum Wither,https://www.ourlads.com/ncaa-football-depth-charts/depth-chart.aspx,2026-09-13T13:37:43.198062+00:00
UK,QB,3,Brennen Ward,https://www.ourlads.com/ncaa-football-depth-charts/depth-chart.aspx,2026-09-13T13:37:43.198062+00:00
UK,RB,1,CJ Baxter,https://www.ourlads.com/ncaa-football-depth-charts/depth-chart.aspx,2026-09-13T13:37:43.198062+00:00
UK,RB,2,Jason Patterson,https://www.ourlads.com/ncaa-football-depth-charts/depth-chart.aspx,2026-09-13T13:37:43.198062+00:00
UK,RB,3,Martels Carter Jr.,https://www.ourlads.com/ncaa-football-depth-charts/depth-chart.aspx,2026-09-13T13:37:43.198062+00:00
UK,TE,1,Willie Rodriguez,https://www.ourlads.com/ncaa-football-depth-charts/depth-chart.aspx,2026-09-13T13:37:43.198062+00:00
UK,TE,2,Henry Boyer,https://www.ourlads.com/ncaa-football-depth-charts/depth-chart.aspx,2026-09-13T13:37:43.198062+00:00
UK,TE,3,Mikkel Skinner,https://www.ourlads.com/ncaa-football-depth-charts/depth-chart.aspx,2026-09-13T13:37:43.198062+00:00
UK,WR,1,DJ Miller,https://www.ourlads.com/ncaa-football-depth-charts/depth-chart.aspx,2026-09-13T13:37:43.198062+00:00
UK,WR,1,Nic Anderson,https://www.ourlads.com/ncaa-football-depth-charts/depth-chart.aspx,2026-09-13T13:37:43.198062+00:00
UK,WR,1,Shane Carr,https://www.ourlads.com/ncaa-football-depth-charts/depth-chart.aspx,2026-09-13T13:37:43.198062+00:00
UK,WR,2,Brock Coffman,https://www.ourlads.com/ncaa-football-depth-charts/depth-chart.aspx,2026-09-13T13:37:43.198062+00:00
UK,WR,2,Ja'Kayden Ferguson,https://www.ourlads.com/ncaa-football-depth-charts/depth-chart.aspx,2026-09-13T13:37:43.198062+00:00
UK,WR,2,Kenny Darby,https://www.ourlads.com/ncaa-football-depth-charts/depth-chart.aspx,2026-09-13T13:37:43.198062+00:00
UK,WR,3,Denairius Gray,https://www.ourlads.com/ncaa-football-depth-charts/depth-chart.aspx,2026-09-13T13:37:43.198062+00:00
UK,WR,3,Prince Jean,https://www.ourlads.com/ncaa-football-depth-charts/depth-chart.aspx,2026-09-13T13:37:43.198062+00:00
UK,WR,3,Xavier Daisy,https://www.ourlads.com/ncaa-football-depth-charts/depth-chart.aspx,2026-09-13T13:37:43.198062+00:00
WAKE,QB,1,Gio Lopez,https://www.ourlads.com/ncaa-football-depth-charts/depth-chart.aspx,2026-09-13T13:37:43.198062+00:00
WAKE,QB,2,Steele Pizzella,https://www.ourlads.com/ncaa-football-depth-charts/depth-chart.aspx,2026-09-13T13:37:43.198062+00:00
WAKE,RB,1,Ty Clark III,https://www.ourlads.com/ncaa-football-depth-charts/depth-chart.aspx,2026-09-13T13:37:43.198062+00:00
WAKE,RB,2,Deuce Lawrence,https://www.ourlads.com/ncaa-football-depth-charts/depth-chart.aspx,2026-09-13T13:37:43.198062+00:00
WAKE,RB,3,KD Daniels,https://www.ourlads.com/ncaa-football-depth-charts/depth-chart.aspx,2026-09-13T13:37:43.198062+00:00
WAKE,TE,1,Will Loerzel,https://www.ourlads.com/ncaa-football-depth-charts/depth-chart.aspx,2026-09-13T13:37:43.198062+00:00
WAKE,TE,2,Dominick Barry,https://www.ourlads.com/ncaa-football-depth-charts/depth-chart.aspx,2026-09-13T13:37:43.198062+00:00
WAKE,TE,3,Kamrean Johnson,https://www.ourlads.com/ncaa-football-depth-charts/depth-chart.aspx,2026-09-13T13:37:43.198062+00:00
WAKE,WR,1,Antonio Meeks,https://www.ourlads.com/ncaa-football-depth-charts/depth-chart.aspx,2026-09-13T13:37:43.198062+00:00
WAKE,WR,1,Carlos Hernandez,https://www.ourlads.com/ncaa-football-depth-charts/depth-chart.aspx,2026-09-13T13:37:43.198062+00:00
WAKE,WR,1,Kam Shanks,https://www.ourlads.com/ncaa-football-depth-charts/depth-chart.aspx,2026-09-13T13:37:43.198062+00:00
WAKE,WR,2,Bryce Kania,https://www.ourlads.com/ncaa-football-depth-charts/depth-chart.aspx,2026-09-13T13:37:43.198062+00:00
WAKE,WR,2,Drayden Dickmann,https://www.ourlads.com/ncaa-football-depth-charts/depth-chart.aspx,2026-09-13T13:37:43.198062+00:00
WAKE,WR,2,Jack Foley,https://www.ourlads.com/ncaa-football-depth-charts/depth-chart.aspx,2026-09-13T13:37:43.198062+00:00
WAKE,WR,3,Chase Tyler,https://www.ourlads.com/ncaa-football-depth-charts/depth-chart.aspx,2026-09-13T13:37:43.198062+00:00
WAKE,WR,3,Elijah Otieno,https://www.ourlads.com/ncaa-football-depth-charts/depth-chart.aspx,2026-09-13T13:37:43.198062+00:00
WAKE,WR,3,Walker Bryson,https://www.ourlads.com/ncaa-football-depth-charts/depth-chart.aspx,2026-09-13T13:37:43.198062+00:00
